go_id	original_term	simplified_term	group	theme	traits	best_adjp	genes
GO:0009891	Positive Regulation of Biosynthetic Process	Biosynthetic process (general)	Broad regulatory terms (low specificity)	Broad / low-specificity	limb	0.0370989122137305	ESR1;INSR;SMAD3;ZBTB20
GO:0045596	Negative Regulation of Cell Differentiation	Cell differentiation (general)	Broad regulatory terms (low specificity)	Broad / low-specificity	cortical+limb+trunk	3.84124193557053e-08	ASXL1;BAMBI;BMP2;BMP5;CDK6;CRIM1;EFEMP1;FBXO11;FOXO1;JAG1;NFKBIA;PTCH1;PTEN;SKI;SMAD3;SMAD6;SNAI2;SOX4;SOX9;SPRED1;SPRY2;SUFU;SUZ12;WNT5A
GO:0045597	Positive Regulation of Cell Differentiation	Cell differentiation (general)	Broad regulatory terms (low specificity)	Broad / low-specificity	limb+trunk	1.64902746849752e-08	BAMBI;BMP2;BMP6;BMPR1B;BOC;CTNNB1;DAB2;EZH2;FBN2;IGF1;IGFBP3;LEF1;LOXL2;MEF2C;NBL1;PKDCC;RUNX2;SMAD3;SOX4;SOX5;SOX9;TCF7L2;TGFB2;WNT4
GO:0045595	Regulation of Cell Differentiation	Cell differentiation (general)	Broad regulatory terms (low specificity)	Broad / low-specificity	trunk	0.0139098562632035	BCL6;CDK6;CTNNB1;LEF1;RUNX2;SMOC1;SUZ12;TRPS1
GO:0048523	Negative Regulation of Cellular Process	Cellular process (general)	Broad regulatory terms (low specificity)	Broad / low-specificity	cortical+trunk	5.74367130369633e-07	AKT3;APC;BCL6;BMP2;BMP5;CDK6;CDKN1B;CDKN2C;CTNNB1;DLC1;DLG5;HMGA1;HMGA2;IGFBP3;MYC;NFKBIA;NPM1;PML;PTEN;PTPN14;SFRP4;SKI;SLIT3;SMAD6;SUZ12;TGFB2;TP53;VGLL4;WWC2
GO:0048522	Positive Regulation of Cellular Process	Cellular process (general)	Broad regulatory terms (low specificity)	Broad / low-specificity	cortical+limb+trunk	0.000566928080531636	BAMBI;BMP2;BMP5;BMP6;CCND2;CDC42;CTNNB1;EZH2;FGF18;FGFR4;FN1;GHR;GRK5;IGF1;IGF1R;INSR;IRS1;LEF1;MYC;NFKB1;NPM1;POU3F3;PRKCA;PTEN;RICTOR;SOX4;SOX9;TEAD1;TGFB2;TP53
GO:0051094	Positive Regulation of Developmental Process	Developmental process (general)	Broad regulatory terms (low specificity)	Broad / low-specificity	trunk	0.00489718916326242	BMP2;BMP5;BMPR1B;CTNNB1;DLG5;INSR;LEF1;NCOA1;SOX5;WNT5A
GO:0051241	Negative Regulation of Multicellular Organismal Process	Multicellular organismal process	Broad regulatory terms (low specificity)	Broad / low-specificity	limb+trunk	0.00196564061727062	ADAMTS5;BMP5;GNAS;LOXL2;MEF2C;NPR3;PTCH1;PTEN;PTPRG;SMAD3;SMAD6;SOX9;SPRED1;SPRY2;TLE3;WWC2
GO:0051240	Positive Regulation of Multicellular Organismal Process	Multicellular organismal process	Broad regulatory terms (low specificity)	Broad / low-specificity	cortical+limb+trunk	1.39242777736664e-05	APC;BAMBI;BMP2;BMPR1B;CTNNB1;DAB2;EZH2;GHR;GHSR;GNAS;GRB10;IGF1R;LEF1;LOXL2;MC4R;MFAP2;NCOA1;PIK3CD;PLEKHM1;PRKCA;SMAD3;SMO;SOX5;SOX9;TCF7L2;TGFB2;WNT5A
GO:0010648	Negative Regulation of Cell Communication	Signal transduction (general)	Broad regulatory terms (low specificity)	Broad / low-specificity	trunk	0.0193528700156701	HHIP;IGFBP3;SOCS2
GO:0009968	Negative Regulation of Signal Transduction	Signal transduction (general)	Broad regulatory terms (low specificity)	Broad / low-specificity	trunk	0.00026249957646909	BMP2;BMP5;FBXW8;GRB10;HHIP;IGFBP3;IRS1;PTCH1;SFRP4;SOCS2;SPRED1;SPRY2;SUFU;VGLL4
GO:0023057	Negative Regulation of Signaling	Signal transduction (general)	Broad regulatory terms (low specificity)	Broad / low-specificity	trunk	0.0285654818041261	HHIP;IGFBP3;SOCS2
GO:0009967	Positive Regulation of Signal Transduction	Signal transduction (general)	Broad regulatory terms (low specificity)	Broad / low-specificity	cortical+limb+trunk	9.00476882350017e-07	ADAMTS3;BMP2;BMP6;BOC;CDON;DLG5;DYRK2;GAS1;GRB10;IGF1;IRS1;JAG1;PRKCA;PTEN;SALL1;SKI;SMOC2;SPIN1;TGFB2;WLS;WNT5A;ZMIZ1
GO:0010646	Regulation of Cell Communication	Signal transduction (general)	Broad regulatory terms (low specificity)	Broad / low-specificity	trunk	0.0392055909010989	AFAP1;GNAS;GRK5;SOCS2
GO:0009966	Regulation of Signal Transduction	Signal transduction (general)	Broad regulatory terms (low specificity)	Broad / low-specificity	trunk	0.00347284364215462	AFAP1;GAS1;GNAS;GRK5;HHIP;IGFBP3;NUCKS1;PTCH1;SOCS2;ZIC1
GO:0048863	Stem Cell Differentiation	Stem-cell differentiation	Broad regulatory terms (low specificity)	Broad / low-specificity	cortical+limb+trunk	0.00871622920421323	CTNNB1;FBXL17;HMGA2;MEF2C;TGFB2;TP53
GO:0016525	Negative Regulation of Angiogenesis	Angiogenesis	Cardiovascular development	Cardiovascular, organ & tissue development	trunk	0.00663346897138161	CTNNB1;PML;SPRED1;SPRY2;TGFB2;THBS2
GO:2000181	Negative Regulation of Blood Vessel Morphogenesis	Angiogenesis	Cardiovascular development	Cardiovascular, organ & tissue development	trunk	0.000740005035725008	CTNNB1;PML;SPRED1;SPRY2;TGFB2;THBS2;WNT4
GO:0045766	Positive Regulation of Angiogenesis	Angiogenesis	Cardiovascular development	Cardiovascular, organ & tissue development	cortical+limb	0.0069963333995855	CTNNB1;FGF18;HMGA2;ITGB8;PIK3CD;PTGIS;SMOC2
GO:1904018	Positive Regulation of Vasculature Development	Angiogenesis	Cardiovascular development	Cardiovascular, organ & tissue development	cortical+limb	0.00436347922410041	FGF18;HMGA2;ITGB8;PIK3CD;PTGIS;SMOC2
GO:0045765	Regulation of Angiogenesis	Angiogenesis	Cardiovascular development	Cardiovascular, organ & tissue development	cortical+limb+trunk	0.00180190088042653	CTNNB1;FGF18;HMGA2;ITGB8;PIK3CD;PML;PRKCA;PTGIS;SMOC2;SPRED1;SPRY2;TGFB2;THBS2;WNT5A
GO:0060317	Cardiac Epithelial to Mesenchymal Transition	Cardiac EMT	Cardiovascular development	Cardiovascular, organ & tissue development	limb	0.00716071030208005	BMP2;SNAI2;TGFB2
GO:0062043	Positive Regulation of Cardiac Epithelial to Mesenchymal Transition	Cardiac EMT	Cardiovascular development	Cardiovascular, organ & tissue development	trunk	0.0252083743033831	JAG1;TGFB2
GO:0035051	Cardiocyte Differentiation	Cardiac muscle development	Cardiovascular development	Cardiovascular, organ & tissue development	limb	0.0358741067869525	BMP2;TGFB2
GO:2000726	Negative Regulation of Cardiac Muscle Cell Differentiation	Cardiac muscle development	Cardiovascular development	Cardiovascular, organ & tissue development	trunk	0.0161513017728003	BMP2;FRS2
GO:1905208	Negative Regulation of Cardiocyte Differentiation	Cardiac muscle development	Cardiovascular development	Cardiovascular, organ & tissue development	trunk	0.0206234616157452	BMP2;FRS2
GO:1905209	Positive Regulation of Cardiocyte Differentiation	Cardiac muscle development	Cardiovascular development	Cardiovascular, organ & tissue development	limb+trunk	0.0237974666212436	MEF2C;TGFB2
GO:2000725	Regulation of Cardiac Muscle Cell Differentiation	Cardiac muscle development	Cardiovascular development	Cardiovascular, organ & tissue development	limb+trunk	0.00233182293591666	BMP2;FRS2;MEF2C
GO:0099622	Cardiac Muscle Cell Membrane Repolarization	Cardiac repolarization	Cardiovascular development	Cardiovascular, organ & tissue development	limb+trunk	0.0302121034980929	KCNJ2;KCNQ1
GO:0086011	Membrane Repolarization During Action Potential	Cardiac repolarization	Cardiovascular development	Cardiovascular, organ & tissue development	limb	0.044520836610543	KCNJ2;KCNQ1
GO:0086013	Membrane Repolarization During Cardiac Muscle Cell Action Potential	Cardiac repolarization	Cardiovascular development	Cardiovascular, organ & tissue development	limb	0.0485259709952622	KCNJ2;KCNQ1
GO:0060413	Atrial Septum Morphogenesis	Cardiac septum/chamber development	Cardiovascular development	Cardiovascular, organ & tissue development	trunk	0.0405367967367065	SOX4;TGFB2
GO:0003215	Cardiac Right Ventricle Morphogenesis	Cardiac septum/chamber development	Cardiovascular development	Cardiovascular, organ & tissue development	trunk	0.0054198827686391	JAG1;SOX4;TGFB2
GO:0003208	Cardiac Ventricle Morphogenesis	Cardiac septum/chamber development	Cardiovascular development	Cardiovascular, organ & tissue development	trunk	0.0132451515524863	JAG1;MEF2C;SOX4;TGFB2
GO:0003281	Ventricular Septum Development	Cardiac septum/chamber development	Cardiovascular development	Cardiovascular, organ & tissue development	limb+trunk	0.00933903325075265	ADAMTS19;SALL1;SLIT3;SOX4;TGFB2
GO:0060412	Ventricular Septum Morphogenesis	Cardiac septum/chamber development	Cardiovascular development	Cardiovascular, organ & tissue development	trunk	0.00379104529001986	ADAMTS19;SLIT3;SOX4;TGFB2
GO:0003176	Aortic Valve Development	Cardiac valve development	Cardiovascular development	Cardiovascular, organ & tissue development	limb+trunk	5.50375017329612e-05	ADAMTS19;ADAMTS5;BMP2;JAG1;NFATC1;SLIT3;SMAD6;SNAI2;SOX9
GO:0003180	Aortic Valve Morphogenesis	Cardiac valve development	Cardiovascular development	Cardiovascular, organ & tissue development	limb+trunk	0.000496896301822962	ADAMTS19;ADAMTS5;JAG1;NFATC1;SLIT3;SMAD6;SNAI2;SOX9
GO:0003171	Atrioventricular Valve Development	Cardiac valve development	Cardiovascular development	Cardiovascular, organ & tissue development	limb+trunk	0.00360815548395143	BMP2;SLIT3;TGFB2
GO:0003181	Atrioventricular Valve Morphogenesis	Cardiac valve development	Cardiovascular development	Cardiovascular, organ & tissue development	limb+trunk	5.03883069397161e-06	ADAMTS19;BMP2;SLIT3;SMAD6;SOX4;TGFB2
GO:0003174	Mitral Valve Development	Cardiac valve development	Cardiovascular development	Cardiovascular, organ & tissue development	trunk	0.00174625642158492	ADAMTS19;SMAD6;SOX4
GO:0003183	Mitral Valve Morphogenesis	Cardiac valve development	Cardiovascular development	Cardiovascular, organ & tissue development	trunk	0.00298374415954639	ADAMTS19;SMAD6;SOX4
GO:0003177	Pulmonary Valve Development	Cardiac valve development	Cardiovascular development	Cardiovascular, organ & tissue development	limb+trunk	0.00151061891488852	ADAMTS19;ADAMTS5;JAG1;NFATC1;SMAD6;TGFB2
GO:0003184	Pulmonary Valve Morphogenesis	Cardiac valve development	Cardiovascular development	Cardiovascular, organ & tissue development	limb+trunk	0.00108727442768804	ADAMTS19;ADAMTS5;JAG1;NFATC1;SMAD6;TGFB2
GO:0072359	Circulatory System Development	Circulatory system development	Cardiovascular development	Cardiovascular, organ & tissue development	limb+trunk	1.28352740700121e-05	BMP2;BMP5;BMP6;ECE1;FBN1;FN1;GLI2;MEF2C;PCSK5;PTEN;SALL1;SOX4;SOX9;TGFB2
GO:0003197	Endocardial Cushion Development	Endocardial cushion / valve primordium	Cardiovascular development	Cardiovascular, organ & tissue development	limb	0.000883002159750174	ADAMTS5;BMP2;SOX9;TGFB2
GO:0003203	Endocardial Cushion Morphogenesis	Endocardial cushion / valve primordium	Cardiovascular development	Cardiovascular, organ & tissue development	limb	0.0007104629758885	ADAMTS5;BMP2;SOX9;TGFB2
GO:2001028	Positive Regulation of Endothelial Cell Chemotaxis	Endothelial cell migration	Cardiovascular development	Cardiovascular, organ & tissue development	limb	0.0403477923176573	FGF18;SMOC2
GO:0010595	Positive Regulation of Endothelial Cell Migration	Endothelial cell migration	Cardiovascular development	Cardiovascular, organ & tissue development	cortical	0.0242854222798036	AKT3;FOXP1;PIK3CD
GO:0007507	Heart Development	Heart development	Cardiovascular development	Cardiovascular, organ & tissue development	limb+trunk	4.81058123536924e-06	BMP2;BMP5;BMP6;DLC1;ECE1;FBN1;FN1;GLI2;INSR;MEF2C;NIPBL;PCSK5;PTEN;SALL1;SOX4;SOX9;TGFB2
GO:0003007	Heart Morphogenesis	Heart development	Cardiovascular development	Cardiovascular, organ & tissue development	limb+trunk	0.00218385317985304	ADAMTS5;BMP2;DLC1;INSR;NIPBL;SOX9;TGFB2
GO:0060039	Pericardium Development	Heart development	Cardiovascular development	Cardiovascular, organ & tissue development	trunk	0.0252083743033831	BMP2;BMP5
GO:2000826	Regulation of Heart Morphogenesis	Heart development	Cardiovascular development	Cardiovascular, organ & tissue development	limb	0.0203898311038544	BMP2;SMO
GO:0045429	Positive Regulation of Nitric Oxide Biosynthetic Process	Nitric-oxide / vascular tone	Cardiovascular development	Cardiovascular, organ & tissue development	limb	0.0171928483106375	ESR1;INSR;SMAD3
GO:0045428	Regulation of Nitric Oxide Biosynthetic Process	Nitric-oxide / vascular tone	Cardiovascular development	Cardiovascular, organ & tissue development	limb	0.00686714011881466	ESR1;INSR;PTGIS;SMAD3
GO:0071499	Cellular Response to Laminar Fluid Shear Stress	Response to fluid shear stress	Cardiovascular development	Cardiovascular, organ & tissue development	trunk	0.030208924490067	GNAS;NFE2L2;PKN2
GO:0034616	Response to Laminar Fluid Shear Stress	Response to fluid shear stress	Cardiovascular development	Cardiovascular, organ & tissue development	trunk	0.0405367967367065	NFE2L2;SMAD6
GO:0097699	Vascular Endothelial Cell Response to Fluid Shear Stress	Response to fluid shear stress	Cardiovascular development	Cardiovascular, organ & tissue development	trunk	0.0225506063344701	ABL1;GNAS;PKN2
GO:0001953	Negative Regulation of Cell-Matrix Adhesion	Cell adhesion	EMT, mesenchyme, migration & adhesion	Cardiovascular, organ & tissue development	trunk	0.0447289526532346	DLC1;JAG1;PTEN
GO:0010811	Positive Regulation of Cell-Substrate Adhesion	Cell adhesion	EMT, mesenchyme, migration & adhesion	Cardiovascular, organ & tissue development	limb	0.00457058946199023	CDK6;DOCK5;FBLN1;FBLN2;FN1
GO:0030335	Positive Regulation of Cell Migration	Cell migration	EMT, mesenchyme, migration & adhesion	Cardiovascular, organ & tissue development	cortical+limb+trunk	9.16625265142008e-06	ABL1;APC;BMP2;CDC42;DAB2;DOCK5;ENPP2;EZH2;FBLN1;FN1;FOXP1;IGF1;IGF1R;INSR;LEF1;NIPBL;PIK3CD;PRKCA;RICTOR;SMO;SMOC2;SNAI2;SOX9;SPRY2;TGFB2;WNT5A
GO:2000147	Positive Regulation of Cell Motility	Cell migration	EMT, mesenchyme, migration & adhesion	Cardiovascular, organ & tissue development	cortical+limb+trunk	0.00978699434816074	APC;BMP2;CDC42;DAB2;EZH2;IGF1;IGF1R;INSR;LEF1;PIK3CD;PRKCA;RICTOR;SMO;SNAI2;SPRY2
GO:0030334	Regulation of Cell Migration	Cell migration	EMT, mesenchyme, migration & adhesion	Cardiovascular, organ & tissue development	limb+trunk	0.000741648539694313	BMP2;CLIC4;DAB2;DLC1;DLG5;ENPP2;EZH2;FBN2;FGF18;FOXO3;GNA12;IGF1;IGF1R;INSR;JAG1;LEF1;PIK3CD;PRKCA;PTEN;SERPINE2;SMO;SNAI2;SPRY2
GO:2000145	Regulation of Cell Motility	Cell migration	EMT, mesenchyme, migration & adhesion	Cardiovascular, organ & tissue development	limb	0.0260827319941687	CDK6;ENPP2;FBLN1;FGF18;SERPINE2
GO:0031345	Negative Regulation of Cell Projection Organization	Cell-projection / pseudopodium assembly	EMT, mesenchyme, migration & adhesion	Cardiovascular, organ & tissue development	trunk	0.0216621028134014	LPAR1;PTEN;PTPN9;SPRY2
GO:0120034	Positive Regulation of Plasma Membrane Bounded Cell Projection Assembly	Cell-projection / pseudopodium assembly	EMT, mesenchyme, migration & adhesion	Cardiovascular, organ & tissue development	cortical	0.0272215588850734	APC;CDC42;PLEKHM1
GO:0031274	Positive Regulation of Pseudopodium Assembly	Cell-projection / pseudopodium assembly	EMT, mesenchyme, migration & adhesion	Cardiovascular, organ & tissue development	cortical	0.0121582237958431	APC;CDC42
GO:0031272	Regulation of Pseudopodium Assembly	Cell-projection / pseudopodium assembly	EMT, mesenchyme, migration & adhesion	Cardiovascular, organ & tissue development	cortical	0.0121582237958431	APC;CDC42
GO:0010634	Positive Regulation of Epithelial Cell Migration	Epithelial cell migration	EMT, mesenchyme, migration & adhesion	Cardiovascular, organ & tissue development	limb	0.00404313980102885	DOCK5;ENPP2;SOX9;TGFB2
GO:0010632	Regulation of Epithelial Cell Migration	Epithelial cell migration	EMT, mesenchyme, migration & adhesion	Cardiovascular, organ & tissue development	limb	0.000741648539694313	DOCK5;ENPP2;PTPRG;SOX9;TGFB2
GO:0001837	Epithelial to Mesenchymal Transition	Epithelial–mesenchymal transition (EMT)	EMT, mesenchyme, migration & adhesion	Cardiovascular, organ & tissue development	cortical+limb+trunk	1.77018934872202e-08	BMP2;CTNNB1;DLG5;EOMES;HMGA2;IGF1;LEF1;LOXL2;SNAI2;SOX9;TGFB2;WNT4;WNT5A
GO:0010719	Negative Regulation of Epithelial to Mesenchymal Transition	Epithelial–mesenchymal transition (EMT)	EMT, mesenchyme, migration & adhesion	Cardiovascular, organ & tissue development	cortical+trunk	0.00870433978301146	BMP5;FBXO11;PTEN;SPRED1;SPRY2
GO:0010718	Positive Regulation of Epithelial to Mesenchymal Transition	Epithelial–mesenchymal transition (EMT)	EMT, mesenchyme, migration & adhesion	Cardiovascular, organ & tissue development	limb+trunk	2.36896973202021e-07	BAMBI;BMP2;CTNNB1;DAB2;EZH2;JAG1;LEF1;LOXL2;SMAD3;TCF7L2;TGFB2
GO:0010717	Regulation of Epithelial to Mesenchymal Transition	Epithelial–mesenchymal transition (EMT)	EMT, mesenchyme, migration & adhesion	Cardiovascular, organ & tissue development	cortical+limb+trunk	1.83834146079815e-08	BAMBI;BMP2;BMP5;CTNNB1;DAB2;EZH2;FBXO11;LEF1;LOXL2;PTEN;SMAD3;SPRED1;SPRY2;TCF7L2;TGFB2
GO:0003337	Mesenchymal to Epithelial Transition Involved in Metanephros Morphogenesis	Mesenchymal–epithelial transition (MET)	EMT, mesenchyme, migration & adhesion	Cardiovascular, organ & tissue development	limb	0.00851143570316317	SALL1;SMO
GO:0048762	Mesenchymal Cell Differentiation	Mesenchyme development	EMT, mesenchyme, migration & adhesion	Cardiovascular, organ & tissue development	limb+trunk	8.6888176801841e-09	BMP2;CTNNB1;DLG5;FBXL17;HMGA2;IGF1;LEF1;LOXL2;MEF2C;SNAI2;SOX9;TGFB2;WNT4;WNT5A
GO:0060485	Mesenchyme Development	Mesenchyme development	EMT, mesenchyme, migration & adhesion	Cardiovascular, organ & tissue development	trunk	0.0116502825361201	BMP2;HMGA2;SOX4
GO:0072132	Mesenchyme Morphogenesis	Mesenchyme development	EMT, mesenchyme, migration & adhesion	Cardiovascular, organ & tissue development	limb	0.000339146196426167	ADAMTS5;BMP2;SOX9;TGFB2
GO:0014033	Neural Crest Cell Differentiation	Neural-crest differentiation	EMT, mesenchyme, migration & adhesion	Cardiovascular, organ & tissue development	limb	0.00866955702173028	FBXL17;MEF2C;SNAI2
GO:0014912	Negative Regulation of Smooth Muscle Cell Migration	Smooth-muscle cell migration	EMT, mesenchyme, migration & adhesion	Cardiovascular, organ & tissue development	trunk	0.00646797557019405	IGFBP3;MEF2C;PRKG1
GO:1904753	Negative Regulation of Vascular Associated Smooth Muscle Cell Migration	Smooth-muscle cell migration	EMT, mesenchyme, migration & adhesion	Cardiovascular, organ & tissue development	trunk	0.0122281454930634	MEF2C;PRKG1
GO:1904752	Regulation of Vascular Associated Smooth Muscle Cell Migration	Smooth-muscle cell migration	EMT, mesenchyme, migration & adhesion	Cardiovascular, organ & tissue development	limb	0.0358741067869525	DOCK5;MEF2C
GO:0060037	Pharyngeal System Development	Craniofacial / pharyngeal development	Other organ & epithelial morphogenesis	Cardiovascular, organ & tissue development	trunk	0.0116502825361201	BMP5;PTCH1;TGFB2
GO:0043584	Nose Development	Craniofacial development	Other organ & epithelial morphogenesis	Cardiovascular, organ & tissue development	trunk	0.0252083743033831	SKI;SMCHD1
GO:0062009	Secondary Palate Development	Craniofacial development	Other organ & epithelial morphogenesis	Cardiovascular, organ & tissue development	limb+trunk	0.0054198827686391	LEF1;TGFB2;WNT5A
GO:0048565	Digestive Tract Development	Digestive-tract development	Other organ & epithelial morphogenesis	Cardiovascular, organ & tissue development	limb+trunk	0.000677157345252039	GLI2;NIPBL;PCSK5;PKDCC;SALL1;SMO;TGFB2
GO:0048566	Embryonic Digestive Tract Development	Digestive-tract development	Other organ & epithelial morphogenesis	Cardiovascular, organ & tissue development	limb+trunk	8.09148350356681e-05	GLI2;NIPBL;PCSK5;PKDCC;SALL1;TGFB2
GO:0043583	Ear Development	Ear development	Other organ & epithelial morphogenesis	Cardiovascular, organ & tissue development	trunk	0.0161513017728003	ECE1;NIPBL
GO:0043009	Chordate Embryonic Development	Embryonic development (general)	Other organ & epithelial morphogenesis	Cardiovascular, organ & tissue development	limb+trunk	0.0101766205131661	BMP2;BMP5;DLX5;PCSK5;PTCH1;WNT5A
GO:0048568	Embryonic Organ Development	Embryonic organ development	Other organ & epithelial morphogenesis	Cardiovascular, organ & tissue development	limb	0.00522446168991229	GLI2;PCSK5;SALL1;TEAD1;TGFB2
GO:0048562	Embryonic Organ Morphogenesis	Embryonic organ development	Other organ & epithelial morphogenesis	Cardiovascular, organ & tissue development	limb	0.00644622688785436	EFEMP1;FBN1;FBN2;MFAP2
GO:0001706	Endoderm Formation	Endoderm Formation	Other organ & epithelial morphogenesis	Cardiovascular, organ & tissue development	cortical	0.0065200959910526	BRD3;EOMES;HMGA2
GO:0035987	Endodermal Cell Differentiation	Endodermal Cell Differentiation	Other organ & epithelial morphogenesis	Cardiovascular, organ & tissue development	cortical	0.0351264100089645	BRD3;HMGA2
GO:0009913	Epidermal Cell Differentiation	Epidermis development	Other organ & epithelial morphogenesis	Cardiovascular, organ & tissue development	trunk	0.027750852373872	CTNNB1;GLI2;JAG1;WNT5A
GO:0048754	Branching Morphogenesis of an Epithelial Tube	Epithelial tube morphogenesis	Other organ & epithelial morphogenesis	Cardiovascular, organ & tissue development	limb	0.0305071346248029	BMP2;GLI2;SALL1
GO:0060562	Epithelial Tube Morphogenesis	Epithelial tube morphogenesis	Other organ & epithelial morphogenesis	Cardiovascular, organ & tissue development	trunk	0.0418700672492502	CTNNB1;GLI2;MEF2C
GO:0002064	Epithelial Cell Development	Epithelium development	Other organ & epithelial morphogenesis	Cardiovascular, organ & tissue development	trunk	0.0264239480554881	BMP5;BMP6;CDK6
GO:0030855	Epithelial Cell Differentiation	Epithelium development	Other organ & epithelial morphogenesis	Cardiovascular, organ & tissue development	trunk	0.00762411644441773	CTNNB1;DAB2;E2F7;GLI2;HNRNPH3;JAG1;TGFB2
GO:0060429	Epithelium Development	Epithelium development	Other organ & epithelial morphogenesis	Cardiovascular, organ & tissue development	limb	0.00499162129122101	BMP2;PTCH1;SALL1;SMO;SNAI2;SOX9;TGFB2
GO:1905332	Positive Regulation of Morphogenesis of an Epithelium	Epithelium morphogenesis	Other organ & epithelial morphogenesis	Cardiovascular, organ & tissue development	cortical+limb	0.011113581110773	CTNNB1;PIK3CD;SMO;SOX9
GO:0043010	Camera-type Eye Development	Eye development	Other organ & epithelial morphogenesis	Cardiovascular, organ & tissue development	limb	0.0296522558761575	EFEMP1;FBN1;FBN2
GO:0048048	Embryonic Eye Morphogenesis	Eye development	Other organ & epithelial morphogenesis	Cardiovascular, organ & tissue development	limb+trunk	5.32028038270214e-05	EFEMP1;FBN1;FBN2;MFAP2
GO:0001654	Eye Development	Eye development	Other organ & epithelial morphogenesis	Cardiovascular, organ & tissue development	limb+trunk	0.00174625642158492	BMPR1B;EFEMP1;FBN1;FBN2;NIPBL;SKI;SMOC1;TGFB2
GO:0048592	Eye Morphogenesis	Eye development	Other organ & epithelial morphogenesis	Cardiovascular, organ & tissue development	limb+trunk	0.000170519086848847	EFEMP1;FBN1;FBN2;MFAP2;NIPBL;SKI;SOX4
GO:1902747	Negative Regulation of Lens Fiber Cell Differentiation	Eye development	Other organ & epithelial morphogenesis	Cardiovascular, organ & tissue development	trunk	0.0161513017728003	SPRED1;SPRY2
GO:1902746	Regulation of Lens Fiber Cell Differentiation	Eye development	Other organ & epithelial morphogenesis	Cardiovascular, organ & tissue development	trunk	0.0206234616157452	SPRED1;SPRY2
GO:0035850	Epithelial Cell Differentiation Involved in Kidney Development	Kidney / renal development	Other organ & epithelial morphogenesis	Cardiovascular, organ & tissue development	limb	0.0109392646581587	MEF2C;SALL1
GO:0001822	Kidney Development	Kidney / renal development	Other organ & epithelial morphogenesis	Cardiovascular, organ & tissue development	limb+trunk	0.00180190088042653	GLI2;NIPBL;PCSK5;SALL1;SOX4;TGFB2;WNT4
GO:0090190	Positive Regulation of Branching Involved in Ureteric Bud Morphogenesis	Kidney / renal development	Other organ & epithelial morphogenesis	Cardiovascular, organ & tissue development	limb	0.0237974666212436	SMO;SOX9
GO:0090189	Regulation of Branching Involved in Ureteric Bud Morphogenesis	Kidney / renal development	Other organ & epithelial morphogenesis	Cardiovascular, organ & tissue development	limb	0.0329900540104893	SMO;SOX9
GO:0072001	Renal System Development	Kidney / renal development	Other organ & epithelial morphogenesis	Cardiovascular, organ & tissue development	limb+trunk	0.0123013324987998	GLI2;PCSK5;SALL1;TGFB2;WNT4
GO:0003323	Type B Pancreatic Cell Development	Pancreatic β-cell development	Other organ & epithelial morphogenesis	Cardiovascular, organ & tissue development	limb+trunk	0.000907380004899923	BMP5;BMP6;CDK6
GO:0003309	Type B Pancreatic Cell Differentiation	Pancreatic β-cell development	Other organ & epithelial morphogenesis	Cardiovascular, organ & tissue development	limb+trunk	0.00298374415954639	BMP5;BMP6;CDK6
GO:0021983	Pituitary Gland Development	Pituitary development	Other organ & epithelial morphogenesis	Cardiovascular, organ & tissue development	limb	0.014066626231916	GLI2;SALL1
GO:0007423	Sensory Organ Development	Sensory-organ development	Other organ & epithelial morphogenesis	Cardiovascular, organ & tissue development	trunk	0.0127994284174079	BMPR1B;ECE1;SMCHD1;SMOC1;TGFB2
GO:0090596	Sensory Organ Morphogenesis	Sensory-organ development	Other organ & epithelial morphogenesis	Cardiovascular, organ & tissue development	trunk	0.030208924490067	NIPBL;SKI
GO:0043066	Negative Regulation of Apoptotic Process	Apoptosis	Apoptosis, DNA damage & p53	Cell-cycle, growth & survival	cortical+trunk	8.09148350356681e-05	AKT3;ANXA5;CCND2;CTNNB1;DAB2;FOXO1;GRK5;HMGA2;IGF1;IGF1R;LEF1;MEF2C;MYC;NFE2L2;NFKB1;NPM1;PIK3R1;PRKCA;RICTOR;SMAD6;SOCS2;SPRY2;TP53;WNT5A
GO:0043069	Negative Regulation of Programmed Cell Death	Apoptosis	Apoptosis, DNA damage & p53	Cell-cycle, growth & survival	cortical+trunk	8.95714022894436e-05	AKT3;ANXA5;CCND2;CTNNB1;DAB2;FOXO1;GRK5;HMGA2;IGF1;IGF1R;LEF1;MYC;NFE2L2;NFKB1;NPM1;PIK3R1;RICTOR;SMAD6;SOCS2;SPRY2;TP53;WNT5A
GO:0043065	Positive Regulation of Apoptotic Process	Apoptosis	Apoptosis, DNA damage & p53	Cell-cycle, growth & survival	trunk	5.90091018890356e-05	ABL1;BCL6;BMP2;CTNNB1;DLC1;FOXO1;FOXO3;IGFBP3;KCNMA1;LATS2;RYBP;SFRP4;SOX4;TGFB2;WNT5A
GO:0043068	Positive Regulation of Programmed Cell Death	Apoptosis	Apoptosis, DNA damage & p53	Cell-cycle, growth & survival	trunk	0.000533716754861014	ABL1;BCL6;BMP2;CTNNB1;FOXO1;FOXO3;IGFBP3;KCNMA1;LATS2;RYBP;SFRP4;SOX4
GO:0042981	Regulation of Apoptotic Process	Apoptosis	Apoptosis, DNA damage & p53	Cell-cycle, growth & survival	cortical+trunk	1.00319425067323e-07	ABL1;AKT3;ANXA5;APC;BCL6;BMP2;CCND2;CTNNB1;DAB2;FBXO11;FOXO1;FOXO3;GAS1;GRK5;HMGA2;IGF1;IGF1R;IGFBP3;KCNMA1;LATS2;LEF1;LRP8;MEF2C;MYC;NFKB1;NPM1;PIK3R1;RICTOR;RYBP;SFRP4;SKP2;SMAD6;SOCS2;SOX4;SPRY2;TP53;WNT5A
GO:0043067	Regulation of Programmed Cell Death	Apoptosis	Apoptosis, DNA damage & p53	Cell-cycle, growth & survival	cortical	0.0269875969993686	FBXO11;LRP8;SKP2;TP53
GO:2000108	Positive Regulation of Leukocyte Apoptotic Process	Apoptosis (immune cells)	Apoptosis, DNA damage & p53	Cell-cycle, growth & survival	limb	0.0237974666212436	MEF2C;PIK3CD
GO:0033034	Positive Regulation of Myeloid Cell Apoptotic Process	Apoptosis (immune cells)	Apoptosis, DNA damage & p53	Cell-cycle, growth & survival	limb	0.0171928483106375	MEF2C;PIK3CD
GO:0034392	Negative Regulation of Smooth Muscle Cell Apoptotic Process	Apoptosis (smooth muscle)	Apoptosis, DNA damage & p53	Cell-cycle, growth & survival	trunk	0.0405367967367065	ESR1;IGF1
GO:0034391	Regulation of Smooth Muscle Cell Apoptotic Process	Apoptosis (smooth muscle)	Apoptosis, DNA damage & p53	Cell-cycle, growth & survival	trunk	0.00900548466330681	ESR1;FOXO1;IGF1
GO:0051054	Positive Regulation of DNA Metabolic Process	DNA metabolism/repair	Apoptosis, DNA damage & p53	Cell-cycle, growth & survival	trunk	0.00646588246918803	EYA4;FGFR4;GLI2;MYC;PML;SMCHD1
GO:2000780	Negative Regulation of Double-Strand Break Repair	DNA repair	Apoptosis, DNA damage & p53	Cell-cycle, growth & survival	trunk	0.04736866798196	ABL1;HMGA2;SMCHD1
GO:0006974	DNA Damage Response	DNA-damage response	Apoptosis, DNA damage & p53	Cell-cycle, growth & survival	cortical	0.019605681970412	APC;DYRK2;FOXP1;HERC2;NPM1;TP53
GO:0010165	Response to X-ray	DNA-damage response	Apoptosis, DNA damage & p53	Cell-cycle, growth & survival	trunk	0.0405367967367065	NIPBL;NUCKS1
GO:0030330	DNA Damage Response, Signal Transduction by P53 Class Mediator	p53 signalling	Apoptosis, DNA damage & p53	Cell-cycle, growth & survival	cortical	0.0381500856458448	CDKN1B;TP53
GO:0072332	Intrinsic Apoptotic Signaling Pathway by P53 Class Mediator	p53-mediated apoptosis	Apoptosis, DNA damage & p53	Cell-cycle, growth & survival	cortical	0.0381500856458448	DYRK2;TP53
GO:0042771	Intrinsic Apoptotic Signaling Pathway in Response to DNA Damage by P53 Class Mediator	p53-mediated apoptosis	Apoptosis, DNA damage & p53	Cell-cycle, growth & survival	cortical	0.0254737481474485	DYRK2;TP53
GO:0040018	Positive Regulation of Multicellular Organism Growth	Body growth	Cell & organism growth	Cell-cycle, growth & survival	trunk	0.0206234616157452	GHR;GHSR
GO:0040014	Regulation of Multicellular Organism Growth	Body growth	Cell & organism growth	Cell-cycle, growth & survival	trunk	0.000681294311745913	GHR;GHSR;GNAS;PTCH1
GO:0030308	Negative Regulation of Cell Growth	Cell growth	Cell & organism growth	Cell-cycle, growth & survival	cortical+limb+trunk	0.00537601143190473	BCL11A;BCL6;CDKN1B;CDKN2C;LATS2;PML;SLIT3;SMAD3;TGFB2;TP53;VGLL4
GO:0030307	Positive Regulation of Cell Growth	Cell growth	Cell & organism growth	Cell-cycle, growth & survival	cortical	0.031153731245364	BCL11A;CDC42;RICTOR
GO:0001558	Regulation of Cell Growth	Cell growth	Cell & organism growth	Cell-cycle, growth & survival	cortical+limb+trunk	0.00530520458313138	BCL6;CDC42;CDKN1B;CDKN2C;PAPPA2;PML;RICTOR;SLIT3;SMAD3;SOCS2;TEAD1;TGFB2;TP53;VGLL4
GO:0048640	Negative Regulation of Developmental Growth	Developmental growth	Cell & organism growth	Cell-cycle, growth & survival	cortical+trunk	0.00593529512831137	BCL11A;CDKN1B;GNAS;PTCH1;PTEN;WWC2
GO:0048639	Positive Regulation of Developmental Growth	Developmental growth	Cell & organism growth	Cell-cycle, growth & survival	trunk	0.0264239480554881	GHR;GHSR;IGF1;INSR
GO:0048638	Regulation of Developmental Growth	Developmental growth	Cell & organism growth	Cell-cycle, growth & survival	trunk	0.000798262495424906	ABL1;GHR;INSR;LATS2;NIPBL
GO:0045926	Negative Regulation of Growth	Growth (general)	Cell & organism growth	Cell-cycle, growth & survival	limb+trunk	0.0152624277086977	BCL6;CDKN2C;PML;SLIT3;SMAD3;TGFB2;VGLL4
GO:0046620	Regulation of Organ Growth	Organ growth	Cell & organism growth	Cell-cycle, growth & survival	trunk	0.00127399486226955	LATS2;PTEN;WWC2
GO:0045786	Negative Regulation of Cell Cycle	Cell cycle (general)	Cell cycle, proliferation & senescence	Cell-cycle, growth & survival	cortical+limb+trunk	0.00540626640973725	APC;BMP2;CDK6;CDKN1B;GAS1;LATS2;NPPC;PML
GO:0045787	Positive Regulation of Cell Cycle	Cell cycle (general)	Cell cycle, proliferation & senescence	Cell-cycle, growth & survival	trunk	0.030208924490067	LEF1;PKN2;PRKCA;TGFB2
GO:0051726	Regulation of Cell Cycle	Cell cycle (general)	Cell cycle, proliferation & senescence	Cell-cycle, growth & survival	trunk	0.0240359716019263	ABL1;BMP2;CDC16;CDK6;GRK5;HMGA2;MYC;PML;TGFB2;TTC28
GO:0010564	Regulation of Cell Cycle Process	Cell cycle (general)	Cell cycle, proliferation & senescence	Cell-cycle, growth & survival	cortical	0.0161857009644543	APC;CDC42;CTNNB1;HMGA2
GO:0051782	Negative Regulation of Cell Division	Cell division	Cell cycle, proliferation & senescence	Cell-cycle, growth & survival	trunk	0.0405367967367065	E2F7;MYC
GO:0045840	Positive Regulation of Mitotic Nuclear Division	Cell division	Cell cycle, proliferation & senescence	Cell-cycle, growth & survival	trunk	0.0447289526532346	CDC16;IGF1;INSR
GO:0008285	Negative Regulation of Cell Population Proliferation	Cell proliferation	Cell cycle, proliferation & senescence	Cell-cycle, growth & survival	cortical+trunk	3.21092751956054e-08	APC;BMP2;BMP5;BMPR1B;CDK6;CDKN1B;CDKN2C;CTNNB1;DLC1;DLG5;HMGA1;IGFBP3;MYC;NPM1;PEX2;PML;PTEN;PTPN14;SFRP4;SKI;SMAD6;TGFB2;TP53;VGLL4;WNT5A;WWC2
GO:0008284	Positive Regulation of Cell Population Proliferation	Cell proliferation	Cell cycle, proliferation & senescence	Cell-cycle, growth & survival	cortical+limb+trunk	1.64636528066045e-08	BAMBI;BMP2;BMP5;BMP6;CCND2;CDK6;CTNNB1;EZH2;FBLN1;FGF18;FGFR4;FN1;FOXP1;GHR;GRK5;HMGA2;IGF1;IGF1R;INSR;IRS1;LEF1;MEF2C;MYC;NPM1;PIK3R1;POU3F3;PTEN;SOX4;SOX9;TCF7L2;TGFB2;WNT5A
GO:0042127	Regulation of Cell Population Proliferation	Cell proliferation	Cell cycle, proliferation & senescence	Cell-cycle, growth & survival	cortical+limb+trunk	9.92729891318932e-10	APC;BAMBI;BCL6;BMP2;BMP5;BMP6;CCND2;CDK6;CDKN1B;CDKN2C;CTNNB1;DLC1;DLG5;EZH2;FGF18;FGFR4;FN1;GHR;GRK5;HMGA1;IGF1;IGF1R;IGFBP3;INSR;IRS1;JAG1;MYC;NPM1;NPR3;PML;POU3F3;PTEN;PTPN14;SFRP4;SKI;SMAD3;SMAD6;SOX4;SOX9;TCF7L2;TGFB2;TP53;WWC2
GO:0044843	Cell Cycle G1/S Phase Transition	Cell-cycle G1/S transition	Cell cycle, proliferation & senescence	Cell-cycle, growth & survival	cortical+trunk	0.00030576725660901	CCND2;CCND3;CCNJ;CDK6;CDKN1B;LATS2;MYC;SKP2
GO:0000082	G1/S Transition of Mitotic Cell Cycle	Cell-cycle G1/S transition	Cell cycle, proliferation & senescence	Cell-cycle, growth & survival	cortical+trunk	0.000259646665848928	CCND2;CCND3;CCNJ;CDK6;CDKN1B;LATS2;MYC;SKP2
GO:1902807	Negative Regulation of Cell Cycle G1/S Phase Transition	Cell-cycle G1/S transition	Cell cycle, proliferation & senescence	Cell-cycle, growth & survival	cortical	0.0381500856458448	APC;PTEN
GO:2000134	Negative Regulation of G1/S Transition of Mitotic Cell Cycle	Cell-cycle G1/S transition	Cell cycle, proliferation & senescence	Cell-cycle, growth & survival	cortical+trunk	0.0352312048509372	APC;E2F7;PTEN;RBL2
GO:1902808	Positive Regulation of Cell Cycle G1/S Phase Transition	Cell-cycle G1/S transition	Cell cycle, proliferation & senescence	Cell-cycle, growth & survival	trunk	0.0108663487115883	CCND2;CCND3;EZH2;KMT2E
GO:1900087	Positive Regulation of G1/S Transition of Mitotic Cell Cycle	Cell-cycle G1/S transition	Cell cycle, proliferation & senescence	Cell-cycle, growth & survival	trunk	0.0376709976604101	CCND2;CCND3;KMT2E
GO:1902806	Regulation of Cell Cycle G1/S Phase Transition	Cell-cycle G1/S transition	Cell cycle, proliferation & senescence	Cell-cycle, growth & survival	cortical	0.0254737481474485	APC;CDKN1B;PTEN
GO:2000045	Regulation of G1/S Transition of Mitotic Cell Cycle	Cell-cycle G1/S transition	Cell cycle, proliferation & senescence	Cell-cycle, growth & survival	cortical+trunk	0.0054198827686391	APC;CCND2;CCND3;CDKN1B;CDKN2C;E2F7;KMT2E;PTEN;RBL2
GO:1902749	Regulation of Cell Cycle G2/M Phase Transition	Cell-cycle G2/M transition	Cell cycle, proliferation & senescence	Cell-cycle, growth & survival	cortical	0.0190663129221614	NPM1;TP53
GO:0044772	Mitotic Cell Cycle Phase Transition	Cell-cycle phase transition	Cell cycle, proliferation & senescence	Cell-cycle, growth & survival	cortical+trunk	0.0041807103213224	CCND2;CCND3;CCNJ;CDK6;CDKN1B;LATS2;MYC;SKP2
GO:1901988	Negative Regulation of Cell Cycle Phase Transition	Cell-cycle phase transition	Cell cycle, proliferation & senescence	Cell-cycle, growth & survival	cortical	0.0133896703646729	APC;PTEN
GO:1901992	Positive Regulation of Mitotic Cell Cycle Phase Transition	Cell-cycle phase transition	Cell cycle, proliferation & senescence	Cell-cycle, growth & survival	trunk	0.0346648683052977	CCND2;CCND3;CDC16;KMT2E
GO:1901987	Regulation of Cell Cycle Phase Transition	Cell-cycle phase transition	Cell cycle, proliferation & senescence	Cell-cycle, growth & survival	cortical	0.0388797001415158	CDKN1B;TP53
GO:2000773	Negative Regulation of Cellular Senescence	Cellular senescence	Cell cycle, proliferation & senescence	Cell-cycle, growth & survival	cortical+trunk	2.16638328768856e-05	AKT3;CDK6;HMGA2;PTEN
GO:2000772	Regulation of Cellular Senescence	Cellular senescence	Cell cycle, proliferation & senescence	Cell-cycle, growth & survival	cortical+trunk	1.17959208434543e-05	AKT3;CDK6;HMGA2;PTEN;TP53
GO:0060242	Contact Inhibition	Contact inhibition	Cell cycle, proliferation & senescence	Cell-cycle, growth & survival	limb	0.0171928483106375	LATS2;SMO
GO:0000079	Regulation of Cyclin-Dependent Protein Serine/Threonine Kinase Activity	Cyclin-dependent kinase activity	Cell cycle, proliferation & senescence	Cell-cycle, growth & survival	cortical	0.031883274834413	APC;CDKN1B
GO:0050680	Negative Regulation of Epithelial Cell Proliferation	Epithelial cell proliferation	Cell cycle, proliferation & senescence	Cell-cycle, growth & survival	limb	0.0241569917531461	CDK6;SNAI2;SOX9;TGFB2
GO:0050679	Positive Regulation of Epithelial Cell Proliferation	Epithelial cell proliferation	Cell cycle, proliferation & senescence	Cell-cycle, growth & survival	trunk	0.0040210949096127	BMP5;BMP6;IGF1;MYC;PRKCA;TCF7L2;WNT5A
GO:0050678	Regulation of Epithelial Cell Proliferation	Epithelial cell proliferation	Cell cycle, proliferation & senescence	Cell-cycle, growth & survival	limb+trunk	4.71962831416445e-05	BMP5;BMP6;CDK6;FGF18;IGF1;MYC;PEX2;SOX9;TCF7L2;TGFB2
GO:0048147	Negative Regulation of Fibroblast Proliferation	Fibroblast proliferation	Cell cycle, proliferation & senescence	Cell-cycle, growth & survival	trunk	0.0101766205131661	MYC;PEX2;SKI
GO:0048146	Positive Regulation of Fibroblast Proliferation	Fibroblast proliferation	Cell cycle, proliferation & senescence	Cell-cycle, growth & survival	limb+trunk	0.00379104529001986	CDK6;FBLN1;FN1;IGF1;MYC;WNT5A
GO:0048145	Regulation of Fibroblast Proliferation	Fibroblast proliferation	Cell cycle, proliferation & senescence	Cell-cycle, growth & survival	cortical+limb+trunk	3.62064126648093e-05	CDK6;CTNNB1;FBLN1;FN1;IGF1;MYC;PEX2;SKI;TP53;WNT5A
GO:0010464	Regulation of Mesenchymal Cell Proliferation	Mesenchymal cell proliferation	Cell cycle, proliferation & senescence	Cell-cycle, growth & survival	trunk	0.0464398036796067	MYC;WNT5A
GO:0045930	Negative Regulation of Mitotic Cell Cycle	Mitotic cell cycle	Cell cycle, proliferation & senescence	Cell-cycle, growth & survival	cortical+trunk	0.0041807103213224	BCL6;CDKN1B;CTNNB1;GAS1;PML
GO:0007346	Regulation of Mitotic Cell Cycle	Mitotic cell cycle	Cell cycle, proliferation & senescence	Cell-cycle, growth & survival	trunk	0.0243684743307381	CDC16;GAS1;PKN2;PML;PRKCA;TTC28
GO:0033688	Regulation of Osteoblast Proliferation	Osteoblast proliferation	Cell cycle, proliferation & senescence	Cell-cycle, growth & survival	limb	0.0485259709952622	BMP2;NPR3
GO:0007064	Mitotic Sister Chromatid Cohesion	Sister chromatid cohesion	Cell cycle, proliferation & senescence	Cell-cycle, growth & survival	trunk	0.0193528700156701	BOD1;NIPBL;PDS5A
GO:0007063	Regulation of Sister Chromatid Cohesion	Sister chromatid cohesion	Cell cycle, proliferation & senescence	Cell-cycle, growth & survival	cortical	0.00959810066336706	CTNNB1;RAD21
GO:0048662	Negative Regulation of Smooth Muscle Cell Proliferation	Smooth-muscle cell proliferation	Cell cycle, proliferation & senescence	Cell-cycle, growth & survival	cortical+trunk	0.00093395671126773	BMP2;CDKN1B;IGFBP3;MEF2C;PRKG1;PTEN
GO:1904706	Negative Regulation of Vascular Associated Smooth Muscle Cell Proliferation	Smooth-muscle cell proliferation	Cell cycle, proliferation & senescence	Cell-cycle, growth & survival	cortical+trunk	0.0101766205131661	CDKN1B;MEF2C;PRKG1;PTEN
GO:0048660	Regulation of Smooth Muscle Cell Proliferation	Smooth-muscle cell proliferation	Cell cycle, proliferation & senescence	Cell-cycle, growth & survival	trunk	0.000618826457425567	BMP2;CTNNB1;IGF1;IGFBP3;PIK3R1;TCF7L2
GO:1904705	Regulation of Vascular Associated Smooth Muscle Cell Proliferation	Smooth-muscle cell proliferation	Cell cycle, proliferation & senescence	Cell-cycle, growth & survival	cortical+trunk	0.0101766205131661	CDKN1B;IGF1;MEF2C;PRKG1;PTEN
GO:0051988	Regulation of Attachment of Spindle Microtubules to Kinetochore	Spindle/kinetochore attachment	Cell cycle, proliferation & senescence	Cell-cycle, growth & survival	cortical	0.0146217825673105	APC;CDC42
GO:0072091	Regulation of Stem Cell Proliferation	Stem cell proliferation	Cell cycle, proliferation & senescence	Cell-cycle, growth & survival	limb	0.0485259709952622	FBLN1;HMGA2
GO:1901701	Cellular Response to Oxygen-Containing Compound	Response to oxygen-containing compound	Cellular stress & environmental response	Cellular housekeeping	trunk	0.00126458798427847	ABCB4;CDON;ESR1;FOXO1;GNAS;IGF1;IGF1R;IRS1;KCNQ1;MEF2C;PDE3A;PEX2;SLC38A2;WNT5A
GO:0048585	Negative Regulation of Response to Stimulus	Response to stimulus (general)	Cellular stress & environmental response	Cellular housekeeping	trunk	0.0329730620374037	HHIP;IGFBP3;SOCS2;USP25
GO:0070417	Cellular Response to Cold	Response to temperature	Cellular stress & environmental response	Cellular housekeeping	trunk	0.0161513017728003	FOXO1;NFKBIA
GO:0071466	Cellular Response to Xenobiotic Stimulus	Response to xenobiotic	Cellular stress & environmental response	Cellular housekeeping	trunk	0.0206234616157452	KCNQ1;MEF2C;MYC
GO:0140694	Membraneless Organelle Assembly	Biomolecular condensate assembly	Protein modification, degradation & transport	Cellular housekeeping	cortical	0.0145531773859402	ATXN2;CENPW;NCOR1;NPM1
GO:0022607	Cellular Component Assembly	Cellular component assembly	Protein modification, degradation & transport	Cellular housekeeping	trunk	0.00178613904802032	CALD1;CD2AP;EZH2;HMGA2;MAX;MICAL1;PCGF5;PML;RYBP;SCMH1;SPAG17;SPTY2D1;SUZ12;WNT5A
GO:0043954	Cellular Component Maintenance	Cellular component maintenance	Protein modification, degradation & transport	Cellular housekeeping	limb	0.0329900540104893	IGF1R;INSR
GO:0051130	Positive Regulation of Cellular Component Organization	Cellular component organization	Protein modification, degradation & transport	Cellular housekeeping	trunk	0.0376709976604101	ABCB4;DAB2;IGF1R;INSR;TGFB2
GO:0016482	Cytosolic Transport	Lysosomal / endomembrane transport	Protein modification, degradation & transport	Cellular housekeeping	limb	0.0329900540104893	AP1G1;CCDC91
GO:0090160	Golgi to Lysosome Transport	Lysosomal / endomembrane transport	Protein modification, degradation & transport	Cellular housekeeping	limb	0.0329900540104893	AP1G1;CCDC91
GO:0007041	Lysosomal Transport	Lysosomal / endomembrane transport	Protein modification, degradation & transport	Cellular housekeeping	limb	0.0431015460283157	AP1G1;CCDC91;TMEM106B
GO:0032418	Lysosome Localization	Lysosomal / endomembrane transport	Protein modification, degradation & transport	Cellular housekeeping	cortical	0.0497726920199586	PIK3CD;PLEKHM1
GO:0072384	Organelle Transport Along Microtubule	Microtubule-based transport	Protein modification, degradation & transport	Cellular housekeeping	cortical	0.0400010180118339	CDC42;PAFAH1B1
GO:0042308	Negative Regulation of Protein Import Into Nucleus	Nuclear import	Protein modification, degradation & transport	Cellular housekeeping	trunk	0.0464398036796067	NFKBIA;SUFU
GO:1900181	Negative Regulation of Protein Localization to Nucleus	Nuclear import	Protein modification, degradation & transport	Cellular housekeeping	trunk	0.0285654818041261	LATS2;NFKBIA;SUFU
GO:0042306	Regulation of Protein Import Into Nucleus	Nuclear import	Protein modification, degradation & transport	Cellular housekeeping	trunk	0.0123343427410511	NFKBIA;PIK3R1;SUFU;ZIC1
GO:1903318	Negative Regulation of Protein Maturation	Protein maturation/processing	Protein modification, degradation & transport	Cellular housekeeping	limb	0.0265752420961518	GAS1;SERPINE2
GO:0010955	Negative Regulation of Protein Processing	Protein maturation/processing	Protein modification, degradation & transport	Cellular housekeeping	limb	0.0485259709952622	GAS1;SERPINE2
GO:0043412	Macromolecule Modification	Protein modification (general)	Protein modification, degradation & transport	Cellular housekeeping	trunk	0.0133848944788856	ABL1;LOXL2;PARN;UBE2L3;USP25
GO:0036211	Protein Modification Process	Protein modification (general)	Protein modification, degradation & transport	Cellular housekeeping	trunk	0.0102907989371876	ABL1;IGFBP3;LATS2;LOXL2;PKN2;PPM1B;PRKCA;PTEN;PTPN14;PTPN9;RYK;UBE2L3;USP25
GO:0043243	Positive Regulation of Protein-Containing Complex Disassembly	Protein-complex disassembly	Protein modification, degradation & transport	Cellular housekeeping	limb	0.0358741067869525	IGF1R;INSR
GO:0045861	Negative Regulation of Proteolysis	Proteolysis	Protein modification, degradation & transport	Cellular housekeeping	limb	0.0305071346248029	GAS1;SERPINE2;TIMP3
GO:0006508	Proteolysis	Proteolysis	Protein modification, degradation & transport	Cellular housekeeping	limb+trunk	0.00245853065750173	ACAN;ADAM28;ADAMTS10;ADAMTS17;ADAMTS19;ADAMTS3;ADAMTS5;CPZ;ECE1;HGFAC;PAPPA;PAPPA2;PCSK5;PTCH1;USP25
GO:0045732	Positive Regulation of Protein Catabolic Process	Ubiquitin–proteasome degradation	Protein modification, degradation & transport	Cellular housekeeping	cortical+trunk	0.0054198827686391	APC;CDKN1B;FOXO1;L3MBTL3;NFE2L2;PTEN;SH3D19;VGLL4;WNT5A
GO:2000058	Regulation of Ubiquitin-Dependent Protein Catabolic Process	Ubiquitin–proteasome degradation	Protein modification, degradation & transport	Cellular housekeeping	trunk	0.00508242354281192	GNA12;L3MBTL3;NFE2L2;PML;PTEN
GO:0045879	Negative Regulation of Smoothened Signaling Pathway	Hedgehog (Smoothened) signalling	Hedgehog & Notch signalling	Developmental signalling pathways	trunk	0.0285654818041261	HHIP;PTCH1;SUFU
GO:0045880	Positive Regulation of Smoothened Signaling Pathway	Hedgehog (Smoothened) signalling	Hedgehog & Notch signalling	Developmental signalling pathways	trunk	0.00870433978301146	BOC;CDON;DLG5;GAS1
GO:0008589	Regulation of Smoothened Signaling Pathway	Hedgehog (Smoothened) signalling	Hedgehog & Notch signalling	Developmental signalling pathways	limb+trunk	8.09148350356681e-05	BOC;CDON;DLG5;FBXL17;GAS1;HHIP;PTCH1;SUFU;ZIC1
GO:0007219	Notch Signaling Pathway	Notch signalling	Hedgehog & Notch signalling	Developmental signalling pathways	limb	0.0329900540104893	BMP2;GMDS;SNAI2
GO:0033173	Calcineurin-NFAT Signaling Cascade	Calcineurin-NFAT signalling	RTK, MAPK & PI3K–AKT signalling	Developmental signalling pathways	limb	0.0358741067869525	NFATC1;NFATC4
GO:0007173	Epidermal Growth Factor Receptor Signaling Pathway	EGFR signalling	RTK, MAPK & PI3K–AKT signalling	Developmental signalling pathways	limb	0.0467755633512598	EFEMP1;GRB2;SOX9
GO:0035331	Negative Regulation of Hippo Signaling	Hippo signalling	RTK, MAPK & PI3K–AKT signalling	Developmental signalling pathways	trunk	0.0206234616157452	DLG5;VGLL4;WWC2
GO:0035330	Regulation of Hippo Signaling	Hippo signalling	RTK, MAPK & PI3K–AKT signalling	Developmental signalling pathways	trunk	0.0139098562632035	DLG5;PTPN14;VGLL4;WWC2
GO:0141124	Intracellular Signaling Cassette	Intracellular signal transduction	RTK, MAPK & PI3K–AKT signalling	Developmental signalling pathways	trunk	0.0405367967367065	IGF1R;IRS1;MEF2C;MYC;NFE2L2;NFKBIA;PIK3R1;PTEN;RUNX2;SMAD6
GO:1902532	Negative Regulation of Intracellular Signal Transduction	Intracellular signal transduction	RTK, MAPK & PI3K–AKT signalling	Developmental signalling pathways	trunk	0.000684964256609225	CD2AP;DLG5;ESR1;EZH2;IGF1R;NFKBIA;PDE3A;PPM1B;PTEN;SKI;SMAD6;SPRED1;VGLL4;WWC2
GO:1902533	Positive Regulation of Intracellular Signal Transduction	Intracellular signal transduction	RTK, MAPK & PI3K–AKT signalling	Developmental signalling pathways	limb+trunk	3.25418695569475e-05	ABL1;BMP2;BMP5;BMP6;DAB2;DLG5;FGF18;FN1;GHR;HEXIM1;IGF1;IGF1R;INSR;IRS1;LPAR1;MEF2C;PIK3R1;PRKCA;PTEN;PTGIS;PTPN14;RYK;SLC38A9;SMAD3;SPRY2;TCF7L2;TGFB2;WNT4;WNT5A
GO:0032873	Negative Regulation of Stress-Activated MAPK Cascade	MAPK cascade	RTK, MAPK & PI3K–AKT signalling	Developmental signalling pathways	trunk	0.0206234616157452	FOXO1;MYC
GO:0070303	Negative Regulation of Stress-Activated Protein Kinase Signaling Cascade	MAPK cascade	RTK, MAPK & PI3K–AKT signalling	Developmental signalling pathways	trunk	0.0252083743033831	FOXO1;MYC
GO:0043410	Positive Regulation of MAPK Cascade	MAPK cascade	RTK, MAPK & PI3K–AKT signalling	Developmental signalling pathways	trunk	0.000129043324960116	BMP2;EZH2;FGF18;FGFR4;GHR;IGF1;IGF1R;INSR;LPAR1;MEF2C;PRKCA;RYK;SPRY2;TGFB2;WNT4;WNT5A
GO:0043408	Regulation of MAPK Cascade	MAPK cascade	RTK, MAPK & PI3K–AKT signalling	Developmental signalling pathways	limb+trunk	0.00131648622153299	BMP2;FGF18;FN1;GHR;GRB2;IGF1;IGF1R;INSR;LPAR1;MEF2C;RYK;SPRED1;WNT4;WNT5A
GO:0032872	Regulation of Stress-Activated MAPK Cascade	MAPK cascade	RTK, MAPK & PI3K–AKT signalling	Developmental signalling pathways	trunk	0.0355400332546356	FOXO1;MYC;TGFB2
GO:0043491	Phosphatidylinositol 3-Kinase/Protein Kinase B Signal Transduction	PI3K–AKT signalling	RTK, MAPK & PI3K–AKT signalling	Developmental signalling pathways	cortical+limb+trunk	0.0139098562632035	IGF1R;IRS1;PIK3CD;PIK3R1;PTEN
GO:0051897	Pos Reg Phosphatidylinositol 3-Kinase/Protein Kinase B Signal Transduction	PI3K–AKT signalling	RTK, MAPK & PI3K–AKT signalling	Developmental signalling pathways	trunk	0.000486751048083239	IGF1;IGF1R;INSR;IRS1;PRKCA;RYK;SPRY2;TCF7L2;TGFB2;WNT5A
GO:0051896	Regulation of Phosphatidylinositol 3-Kinase/Protein Kinase B Signal Transduction	PI3K–AKT signalling	RTK, MAPK & PI3K–AKT signalling	Developmental signalling pathways	trunk	0.000846314731059922	IGF1;IGF1R;INSR;IRS1;PRKCA;PTEN;RYK;SPRY2;TCF7L2;TGFB2;WNT5A
GO:0006468	Protein Phosphorylation	Protein phosphorylation	RTK, MAPK & PI3K–AKT signalling	Developmental signalling pathways	limb+trunk	0.00840338879490202	CDC42BPA;EFEMP1;ERG;FGFR4;IGF1R;IGFBP3;INSR;LATS2;MARK3;PIK3CD;PKDCC;PKN2;PRKCA;RYK;TLK1
GO:0007169	Cell Surface Receptor Protein Tyrosine Kinase Signaling Pathway	Receptor tyrosine-kinase signalling	RTK, MAPK & PI3K–AKT signalling	Developmental signalling pathways	limb+trunk	0.000533880586468676	FGF18;FGFR4;FOXO1;FRS2;GHR;GRB10;GRB2;IGF1;IGF1R;INSR;IRS1;MAPKAPK3;NFATC4;PIK3CD;PIK3R1;PTPRG;RYK;SOCS2
GO:0071363	Cellular Response to Growth Factor Stimulus	Response to growth factor	RTK, MAPK & PI3K–AKT signalling	Developmental signalling pathways	limb+trunk	3.64612567298542e-05	BMP2;BMP6;BMPR1B;CTNNB1;GAS1;MEF2C;NR3C1;PDE3A;SMAD3;SNAI2;SOX5;SOX9;SPRY2;WNT4;WNT5A
GO:0071901	Negative Regulation of Protein Serine/Threonine Kinase Activity	Ser/Thr-kinase activity	RTK, MAPK & PI3K–AKT signalling	Developmental signalling pathways	cortical	0.0254737481474485	APC;PTPN1
GO:0071902	Positive Regulation of Protein Serine/Threonine Kinase Activity	Ser/Thr-kinase activity	RTK, MAPK & PI3K–AKT signalling	Developmental signalling pathways	limb+trunk	0.00933903325075265	EZH2;FGF18;HMGA2;WNT5A
GO:0051058	Negative Regulation of Small GTPase Mediated Signal Transduction	Small-GTPase signalling	RTK, MAPK & PI3K–AKT signalling	Developmental signalling pathways	trunk	0.0177098717901066	CD2AP;DLC1;SPRY2;TGFB2
GO:0018108	Peptidyl-tyrosine Phosphorylation	Tyrosine phosphorylation	RTK, MAPK & PI3K–AKT signalling	Developmental signalling pathways	trunk	0.0197188656218692	EFEMP1;FGFR4;IGF1R;PKDCC
GO:1900748	Positive Regulation of Vascular Endothelial Growth Factor Signaling Pathway	VEGF signalling	RTK, MAPK & PI3K–AKT signalling	Developmental signalling pathways	limb	0.0329900540104893	ADAMTS3;SMOC2
GO:0030947	Regulation of Vascular Endothelial Growth Factor Receptor Signaling Pathway	VEGF signalling	RTK, MAPK & PI3K–AKT signalling	Developmental signalling pathways	cortical	0.027625153228889	GRB10;PTPN1
GO:0030509	BMP Signaling Pathway	BMP signalling	TGFβ / BMP / SMAD signalling	Developmental signalling pathways	trunk	0.000566928080531636	BMP2;BMP5;BMP6;BMPR1B;RUNX2;SMAD6
GO:0071773	Cellular Response to BMP Stimulus	BMP signalling	TGFβ / BMP / SMAD signalling	Developmental signalling pathways	limb+trunk	0.00093395671126773	BMP2;BMP5;BMP6;BMPR1B;DLX5;RUNX2;SMAD6;SOX9
GO:0030514	Negative Regulation of BMP Signaling Pathway	BMP signalling	TGFβ / BMP / SMAD signalling	Developmental signalling pathways	limb	0.0358741067869525	BAMBI;CRIM1;FBN1
GO:0071772	Response to BMP	BMP signalling	TGFβ / BMP / SMAD signalling	Developmental signalling pathways	limb+trunk	0.00866955702173028	BMP2;BMP6;BMPR1B;SOX9
GO:0060391	Positive Regulation of SMAD Protein Signal Transduction	SMAD signalling	TGFβ / BMP / SMAD signalling	Developmental signalling pathways	limb+trunk	0.00127399486226955	BMP2;BMP5;BMP6;DAB2;SMAD3;TGFB2
GO:0060390	Regulation of SMAD Protein Signal Transduction	SMAD signalling	TGFβ / BMP / SMAD signalling	Developmental signalling pathways	limb+trunk	0.000156131067888694	BMP2;BMP5;BMP6;DAB2;SKI;SMAD3;SMAD6;TGFB2
GO:0071635	Negative Regulation of Transforming Growth Factor Beta Production	TGFβ production	TGFβ / BMP / SMAD signalling	Developmental signalling pathways	limb	0.00193464298873901	FBLN1;FN1;SMAD3
GO:0071634	Regulation of Transforming Growth Factor Beta Production	TGFβ production	TGFβ / BMP / SMAD signalling	Developmental signalling pathways	limb	0.000339146196426167	FBLN1;FN1;SMAD3;TGFB2
GO:0032909	Regulation of Transforming Growth Factor Beta2 Production	TGFβ production	TGFβ / BMP / SMAD signalling	Developmental signalling pathways	limb	0.0109392646581587	SMAD3;TGFB2
GO:0071560	Cellular Response to Transforming Growth Factor Beta Stimulus	TGFβ signalling	TGFβ / BMP / SMAD signalling	Developmental signalling pathways	limb+trunk	7.09401568853186e-05	BAMBI;DAB2;LTBP2;MEF2C;NR3C1;PDE3A;SKI;SMAD3;SOX5;SOX9;TGFB2;WNT4;WNT5A;ZMIZ1
GO:0030512	Negative Regulation of Transforming Growth Factor Beta Receptor Signaling Pathway	TGFβ signalling	TGFβ / BMP / SMAD signalling	Developmental signalling pathways	limb+trunk	0.0193528700156701	BAMBI;BMP2;FBN1;FBN2;SKI;SMAD6;SPRED1;SPRY2
GO:0017015	Regulation of Transforming Growth Factor Beta Receptor Signaling Pathway	TGFβ signalling	TGFβ / BMP / SMAD signalling	Developmental signalling pathways	limb+trunk	0.0206234616157452	BAMBI;BMP2;FBN1;FBN2;LATS2;SKI;SMAD6;SPRED1;SPRY2
GO:0071559	Response to Transforming Growth Factor Beta	TGFβ signalling	TGFβ / BMP / SMAD signalling	Developmental signalling pathways	limb+trunk	0.000888025503288289	MEF2C;NR3C1;PDE3A;SMAD3;SOX5;SOX9;WNT4;WNT5A
GO:0007179	Transforming Growth Factor Beta Receptor Signaling Pathway	TGFβ signalling	TGFβ / BMP / SMAD signalling	Developmental signalling pathways	limb	0.00605737275896597	BAMBI;LTBP2;SMAD3;TGFB2;ZMIZ1
GO:0141091	Transforming Growth Factor Beta Receptor Superfamily Signaling Pathway	TGFβ signalling	TGFβ / BMP / SMAD signalling	Developmental signalling pathways	limb+trunk	0.000198338941318038	BAMBI;BMP2;BMP5;BMP6;BMPR1B;DAB2;DLX5;LTBP2;RUNX2;SKI;SMAD3;SMAD6;TGFB2;ZMIZ1
GO:0090101	Neg Reg Transmembrane Rec Protein Serine/Threonine Kinase Signaling Pathway	TGFβ-superfamily (Ser/Thr-kinase receptor) signalling	TGFβ / BMP / SMAD signalling	Developmental signalling pathways	limb+trunk	0.0222604549788073	BAMBI;BMP2;CRIM1;FBN1;FBN2;NBL1;SKI;SMAD6;SPRED1;SPRY2
GO:0090100	Pos Reg Transmembrane Rec Protein Serine/Threonine Kinase Signaling Pathway	TGFβ-superfamily (Ser/Thr-kinase receptor) signalling	TGFβ / BMP / SMAD signalling	Developmental signalling pathways	limb+trunk	0.0193528700156701	BMP2;BMP5;BMP6;DAB2;SMAD3;TGFB2
GO:0060070	Canonical Wnt Signaling Pathway	WNT signalling	WNT signalling	Developmental signalling pathways	trunk	0.00021923653777021	CTNNB1;LEF1;RYK;SFRP4;TCF7L2;WNT4;WNT5A
GO:0090090	Negative Regulation of Canonical Wnt Signaling Pathway	WNT signalling	WNT signalling	Developmental signalling pathways	limb+trunk	0.0047301991043229	BMP2;CDON;DAB2;LATS2;SFRP4;SNAI2;SOX9;TCF7L2;TLE3;WNT5A
GO:0030178	Negative Regulation of Wnt Signaling Pathway	WNT signalling	WNT signalling	Developmental signalling pathways	limb+trunk	0.000758226560583083	BMP2;CDON;DAB2;GRB10;LATS2;NFATC1;SFRP4;SNAI2;SOX9;TCF7L2;TLE3;VGLL4;WNT5A
GO:0035567	Non-canonical Wnt Signaling Pathway	WNT signalling	WNT signalling	Developmental signalling pathways	trunk	0.0150329568360884	RYK;SFRP4;WNT4;WNT5A
GO:0090263	Positive Regulation of Canonical Wnt Signaling Pathway	WNT signalling	WNT signalling	Developmental signalling pathways	cortical	0.0275985463956609	NFKB1;USP34;WLS
GO:0030177	Positive Regulation of Wnt Signaling Pathway	WNT signalling	WNT signalling	Developmental signalling pathways	cortical+limb+trunk	0.0047301991043229	BAMBI;BMP2;FAM53B;GPC5;NFKB1;PPM1B;SALL1;SFRP4;SKI;SOX4;SPIN1;USP34;WLS
GO:0060828	Regulation of Canonical Wnt Signaling Pathway	WNT signalling	WNT signalling	Developmental signalling pathways	cortical+limb+trunk	0.00274760292644918	APC;BAMBI;BMP2;CDON;DAB2;FAM53B;GPC5;LATS2;NFKB1;PPM1B;SFRP4;SNAI2;SOX4;SOX9;TCF7L2;TLE3;USP34;WLS;WNT5A
GO:0030111	Regulation of Wnt Signaling Pathway	WNT signalling	WNT signalling	Developmental signalling pathways	trunk	0.0138045262362493	BMP2;GRB10;SFRP4;SKI;SPIN1;VGLL4
GO:0016055	Wnt Signaling Pathway	WNT signalling	WNT signalling	Developmental signalling pathways	trunk	0.000907380004899923	CTNNB1;LEF1;RYK;SFRP4;TCF7L2;WNT4;WNT5A
GO:0006325	Chromatin Organization	Chromatin organization	Chromatin, epigenetics & ncRNA	Gene regulation & genome maintenance	cortical+limb+trunk	0.00679545179962429	BRD3;CENPW;ESR1;EZH2;HMGA2;KDM4B;LOXL2;MLLT10;MYC;NIPBL;NPM1;NUCKS1;PML;RYBP;SATB2;SMARCA5;SOX9;SPTY2D1
GO:0051276	Chromosome Organization	Chromatin organization	Chromatin, epigenetics & ncRNA	Gene regulation & genome maintenance	trunk	0.00264581793797419	ABL1;CENPW;DOT1L;MYC;TCF7L2
GO:0045814	Negative Regulation of Gene Expression, Epigenetic	Epigenetic gene silencing	Chromatin, epigenetics & ncRNA	Gene regulation & genome maintenance	limb+trunk	0.000676683703433963	DNMT3A;EZH2;HMGA2;MAX;MYC;PCGF5;RYBP;SCMH1;SMARCA5;SPTY2D1;SUZ12
GO:0031507	Heterochromatin Formation	Heterochromatin formation	Chromatin, epigenetics & ncRNA	Gene regulation & genome maintenance	limb+trunk	0.000336085198835324	DNMT3A;EZH2;HMGA2;MAX;PCGF5;RYBP;SCMH1;SMARCA5;SMCHD1;SPTY2D1;SUZ12
GO:0070828	Heterochromatin Organization	Heterochromatin formation	Chromatin, epigenetics & ncRNA	Gene regulation & genome maintenance	limb+trunk	0.000198338941318038	EZH2;HMGA2;LOXL2;MAX;PCGF5;RYBP;SCMH1;SMARCA5;SPTY2D1;SUZ12
GO:0043921	Host-mediated Perturbation of Viral Transcription	Heterochromatin formation	Chromatin, epigenetics & ncRNA	Gene regulation & genome maintenance	trunk	0.0264239480554881	HMGA2;LEF1;NUCKS1
GO:0031048	Regulatory ncRNA-mediated Heterochromatin Formation	Heterochromatin formation	Chromatin, epigenetics & ncRNA	Gene regulation & genome maintenance	limb	0.0171928483106375	DNMT3A;EZH2
GO:0031509	Subtelomeric Heterochromatin Formation	Heterochromatin formation	Chromatin, epigenetics & ncRNA	Gene regulation & genome maintenance	trunk	0.030208924490067	DOT1L;EZH2
GO:0071168	Protein Localization to Chromatin	Protein localization to chromatin/chromosome	Chromatin, epigenetics & ncRNA	Gene regulation & genome maintenance	cortical+trunk	0.0352312048509372	BRD3;ESR1;LEF1;RAD21;SPIN1
GO:0034502	Protein Localization to Chromosome	Protein localization to chromatin/chromosome	Chromatin, epigenetics & ncRNA	Gene regulation & genome maintenance	trunk	0.030208924490067	BOD1;ESR1;LEF1;SPIN1
GO:0032210	Regulation of Telomere Maintenance via Telomerase	Telomere maintenance	Chromatin, epigenetics & ncRNA	Gene regulation & genome maintenance	cortical	0.0466059965588003	CTNNB1;TP53
GO:0070934	CRD-mediated mRNA Stabilization	mRNA stabilization	Chromatin, epigenetics & ncRNA	Gene regulation & genome maintenance	trunk	0.0405367967367065	IGF2BP2;IGF2BP3
GO:0010587	MiRNA Catabolic Process	miRNA biogenesis/metabolism	Chromatin, epigenetics & ncRNA	Gene regulation & genome maintenance	trunk	0.0405367967367065	LIN28B;PARN
GO:0035196	MiRNA Processing	miRNA biogenesis/metabolism	Chromatin, epigenetics & ncRNA	Gene regulation & genome maintenance	limb	0.0254247530405525	LIN28B;SMAD3;TNRC6A
GO:2000629	Negative Regulation of miRNA Metabolic Process	miRNA biogenesis/metabolism	Chromatin, epigenetics & ncRNA	Gene regulation & genome maintenance	limb	0.00172385431698261	ESR1;NFATC4;SMAD3;SOX9
GO:1902894	Negative Regulation of miRNA Transcription	miRNA biogenesis/metabolism	Chromatin, epigenetics & ncRNA	Gene regulation & genome maintenance	limb	0.00139490401690563	ESR1;NFATC4;SMAD3;SOX9
GO:2000630	Positive Regulation of miRNA Metabolic Process	miRNA biogenesis/metabolism	Chromatin, epigenetics & ncRNA	Gene regulation & genome maintenance	limb+trunk	0.00171599782178697	FOXO3;LIN28B;MYC;NR3C1;SMAD3;TEAD1;TGFB2
GO:1902895	Positive Regulation of miRNA Transcription	miRNA biogenesis/metabolism	Chromatin, epigenetics & ncRNA	Gene regulation & genome maintenance	limb	0.0075280441551088	NR3C1;SMAD3;TEAD1;TGFB2
GO:1902893	Regulation of miRNA Transcription	miRNA biogenesis/metabolism	Chromatin, epigenetics & ncRNA	Gene regulation & genome maintenance	limb+trunk	5.50375017329612e-05	ESR1;FOXO3;MYC;NFATC4;NR3C1;SMAD3;SOX9;TEAD1;TGFB2
GO:0043392	Negative Regulation of DNA Binding	DNA-binding TF activity (regulation)	Transcription & gene expression	Gene regulation & genome maintenance	limb+trunk	0.0302121034980929	HMGA2;LEF1
GO:0051101	Regulation of DNA Binding	DNA-binding TF activity (regulation)	Transcription & gene expression	Gene regulation & genome maintenance	trunk	0.000329649803280975	DOT1L;HMGA2;IGF1;LEF1;SKI
GO:0010629	Negative Regulation of Gene Expression	Gene expression (regulation)	Transcription & gene expression	Gene regulation & genome maintenance	limb+trunk	0.0235325628354913	BMP2;CCDC3;ESR1;EZH2;IGF1;IGF2BP2;IGF2BP3;ITGB8;MEF2C;RBL2;SMAD3;TGFB2;WNT4
GO:0010628	Positive Regulation of Gene Expression	Gene expression (regulation)	Transcription & gene expression	Gene regulation & genome maintenance	limb+trunk	4.14648030557579e-05	BMP2;BMP6;BMPR1B;EIF3E;FBLN1;FGFR4;FN1;FUBP1;FUBP3;HMGA2;IGF1;ITGB8;LEF1;MEF2C;MYC;NFE2L2;PIK3CD;PIK3R1;POU3F3;SAMD4A;SFRP4;SLC38A2;SMAD3;SMO;SOX9;SPRY2;WNT5A
GO:0010468	Regulation of Gene Expression	Gene expression (regulation)	Transcription & gene expression	Gene regulation & genome maintenance	limb+trunk	4.30381041003414e-12	ABL1;BCL6;BMP2;BMP6;BMPR1B;BNC2;CCDC3;CDK6;EFEMP1;ESR1;EZH2;FBLN1;FGFR4;FN1;FUBP1;FUBP3;HMGA1;HMGA2;HNRNPH3;IGF1;IGF2BP2;IGF2BP3;INSR;ITGB8;KDM4B;KMT2E;L3MBTL3;LEF1;MEF2C;MYC;NFE2L2;NR3C1;PIK3CD;PLAG1;PML;POU3F3;PRDM6;RBL2;RYBP;SFRP4;SLC38A2;SMAD3;SMARCA5;SMO;SNAI2;SOX4;SOX9;SPIN1;SPRY2;SPTY2D1;SUFU;TGFB2;UBE2L3;WNT4;WNT5A;WWC2;ZBTB20;ZBTB38;ZFAT;ZNF462;ZNF638
GO:0045892	Negative Regulation of DNA-templated Transcription	Transcription (RNA Pol II / DNA-templated)	Transcription & gene expression	Gene regulation & genome maintenance	cortical+limb+trunk	1.20498412865537e-10	BCL11A;BCL6;BMP2;BMP6;CTNNB1;DAB2;DNMT3A;E2F7;ELF2;EOMES;ESR1;ETV6;EZH2;FOXO1;FOXO3;FOXP1;GLI2;HEXIM1;HMGA1;HMGA2;ID4;JAZF1;L3MBTL3;LEF1;LOXL2;MAX;MEF2C;MYC;NCOR1;NFATC4;NFIC;NFKB1;NFKBIA;NIPBL;NR3C1;PML;POU3F3;PRDM6;PTCH1;RBL2;RUNX2;RYBP;SALL1;SCMH1;SFRP4;SKI;SMAD3;SNAI2;SOX4;SOX9;SUFU;SUZ12;TCF7L2;TFDP2;TP53;TRPS1;VGLL4;WNT4;WNT5A;WWC2;ZBTB20;ZBTB38
GO:0010558	Negative Regulation of Macromolecule Biosynthetic Process	Transcription (RNA Pol II / DNA-templated)	Transcription & gene expression	Gene regulation & genome maintenance	cortical+limb+trunk	0.00379726525578412	BMP2;CCDC3;ESR1;FOXP1;GRB10;IGF1;ITGB8;MEF2C;NFKB1;RBL2;SMAD3;TGFB2;WNT4
GO:1902679	Negative Regulation of RNA Biosynthetic Process	Transcription (RNA Pol II / DNA-templated)	Transcription & gene expression	Gene regulation & genome maintenance	cortical+limb+trunk	1.40504517515188e-06	BCL6;BMP2;CTNNB1;DNMT3A;ELF2;EZH2;FOXO1;FOXP1;HMGA1;HMGA2;ID4;L3MBTL3;LEF1;LOXL2;MAX;NCOR1;NR3C1;PML;POU3F3;RBL2;RUNX2;RYBP;SALL1;SCMH1;SOX9;TCF7L2;TFDP2;TP53;VGLL4;WNT4;WNT5A;ZBTB38
GO:0000122	Negative Regulation of Transcription by RNA Polymerase II	Transcription (RNA Pol II / DNA-templated)	Transcription & gene expression	Gene regulation & genome maintenance	cortical+limb+trunk	7.85545382974305e-07	BCL11A;BCL6;BMP2;BMP6;DAB2;DNMT3A;E2F7;EOMES;ESR1;ETV6;EZH2;FOXO3;GLI2;HEXIM1;HMGA2;ID4;JAZF1;LEF1;LOXL2;MAX;MEF2C;MYC;NCOR1;NFIC;NFKB1;NFKBIA;NIPBL;NR3C1;PRDM6;PTCH1;SALL1;SFRP4;SKI;SMAD3;SNAI2;SOX4;SOX9;SUFU;SUZ12;TCF7L2;TP53;TRPS1;WWC2;ZBTB20
GO:0045893	Positive Regulation of DNA-templated Transcription	Transcription (RNA Pol II / DNA-templated)	Transcription & gene expression	Gene regulation & genome maintenance	cortical+limb+trunk	2.44735371728808e-10	ABL1;ASXL1;BAMBI;BCL11A;BMP2;BMP5;BMP6;BMPR1B;BRD3;CREB5;CTNNB1;CYTL1;DAB2;DLX5;DOT1L;E2F7;ELF2;EOMES;ERG;ESR1;FOXD2;FOXO1;FOXO3;FUBP3;GLI2;HMGA1;HMGA2;IGF1;JAG1;KMT2E;LEF1;MAX;MED13;MEF2C;MEOX2;MLLT10;MYC;NCOA1;NFATC1;NFATC4;NFE2L2;NFIC;NFKB1;NFKBIA;NPM1;NR3C1;NUCKS1;PCGF5;PIK3R1;PLAG1;POU3F3;PRRX1;PTEN;RUNX2;RYBP;SALL1;SATB2;SKI;SMAD3;SMARCA5;SMO;SOX4;SOX9;SPIN1;SSBP3;TCF7L2;TEAD1;TET2;TFDP2;TGFB2;TP53;WNT4;WNT5A;ZBTB38;ZIC1;ZMIZ1
GO:0010557	Positive Regulation of Macromolecule Biosynthetic Process	Transcription (RNA Pol II / DNA-templated)	Transcription & gene expression	Gene regulation & genome maintenance	cortical+limb+trunk	9.64858510897107e-08	BMP2;BMP6;BMPR1B;DYRK2;FBLN1;FGFR4;FN1;FUBP1;FUBP3;HMGA2;IGF1;INSR;IRS1;ITGB8;LEF1;MEF2C;MYC;NFE2L2;NFKB1;PIK3CD;POU3F3;SFRP4;SLC38A2;SMAD3;SMO;SMOC2;SOX9;SPRY2;TGFB2;TP53;WNT5A
GO:1902680	Positive Regulation of RNA Biosynthetic Process	Transcription (RNA Pol II / DNA-templated)	Transcription & gene expression	Gene regulation & genome maintenance	cortical+limb+trunk	4.54225323107114e-08	BAMBI;BMP2;CREB5;CTNNB1;DLX5;ELF2;EOMES;ESR1;FOXO1;FOXO3;FUBP3;GLI2;HMGA1;HMGA2;IGF1;KMT2E;LEF1;MAX;MED13;MEF2C;MYC;NCOA1;NFATC1;NFE2L2;NFKB1;NPM1;PCGF5;POU3F3;RUNX2;RYBP;SALL1;SMAD3;SOX4;SOX9;SPIN1;TEAD1;TP53;WNT4;WNT5A;ZIC1
GO:0045944	Positive Regulation of Transcription by RNA Polymerase II	Transcription (RNA Pol II / DNA-templated)	Transcription & gene expression	Gene regulation & genome maintenance	cortical+limb+trunk	1.13607329927122e-09	ABL1;ASXL1;BCL11A;BMP2;BMP5;BMP6;BMPR1B;BRD3;CTNNB1;CYTL1;DAB2;DLX5;DOT1L;E2F7;EOMES;ERG;ESR1;FOXD2;FOXO1;FOXO3;FUBP3;GLI2;HMGA1;HMGA2;IGF1;JAG1;LEF1;MAX;MED13;MEF2C;MEOX2;MLLT10;MYC;NCOA1;NFATC1;NFATC4;NFE2L2;NFIC;NFKB1;NFKBIA;NPM1;NR3C1;NUCKS1;PCGF5;PIK3R1;PLAG1;PRRX1;PTEN;RUNX2;SALL1;SATB2;SKI;SMAD3;SMARCA5;SMO;SOX4;SOX9;SSBP3;TCF7L2;TEAD1;TET2;TFDP2;TP53;WNT5A;ZBTB38;ZMIZ1
GO:0006355	Regulation of DNA-templated Transcription	Transcription (RNA Pol II / DNA-templated)	Transcription & gene expression	Gene regulation & genome maintenance	cortical+limb+trunk	2.61609996423987e-09	ABL1;BAMBI;BCL11A;BCL6;BMP2;BNC2;BRD3;CREB5;CTNNB1;DLX5;DNMT3A;E2F7;EBF1;EFEMP1;ELF2;EOMES;ERG;ESR1;ETV6;EZH2;FOXD2;FOXO1;FOXO3;FOXP1;FUBP1;FUBP3;GLI2;HMGA1;HMGA2;ID4;IGF1;INSR;KMT2E;L3MBTL3;LCORL;LEF1;LOXL2;MAX;MED13;MEF2C;MEOX2;MKX;MLLT10;MYC;NCOA1;NCOR1;NFATC1;NFE2L2;NFIC;NFKB1;NPM1;NR3C1;PCGF5;PITX1;PLAG1;PML;POU3F3;PRRX1;RAD21;RBL2;RUNX2;RYBP;SALL1;SATB2;SCMH1;SMAD3;SMAD6;SMARCA5;SNAI2;SOX4;SOX5;SOX9;SPIN1;SPTY2D1;SUFU;TCF7L2;TEAD1;TFDP2;TP53;TRPS1;UBE2L3;VGLL2;VGLL4;WNT4;WNT5A;WWC2;ZBTB38;ZFAT;ZIC1;ZMIZ1;ZNF354C;ZNF462
GO:2001141	Regulation of RNA Biosynthetic Process	Transcription (RNA Pol II / DNA-templated)	Transcription & gene expression	Gene regulation & genome maintenance	limb+trunk	5.33046504220012e-07	ABL1;BMP2;BNC2;EFEMP1;ESR1;EZH2;HMGA1;HMGA2;INSR;KMT2E;MEF2C;NR3C1;PLAG1;PML;RBL2;RYBP;SMAD3;SMARCA5;SNAI2;SOX4;SPIN1;SPTY2D1;SUFU;UBE2L3;WWC2;ZBTB38;ZFAT;ZNF462
GO:0006357	Regulation of Transcription by RNA Polymerase II	Transcription (RNA Pol II / DNA-templated)	Transcription & gene expression	Gene regulation & genome maintenance	cortical+limb+trunk	8.6888176801841e-09	ABL1;ASXL1;BCL11A;BCL6;BMP2;BMP5;BMP6;BMPR1B;BRD3;CREB5;CTNNB1;CYTL1;DAB2;DLX5;DNMT3A;DOT1L;E2F7;EBF1;ELF2;EOMES;ERG;ESR1;ETV6;EZH2;FOXD2;FOXO1;FOXO3;FOXP1;FUBP1;FUBP3;GLI2;HEXIM1;HMGA1;HMGA2;ID4;IGF1;JAG1;JAZF1;LCORL;LEF1;LOXL2;MAX;MED13;MEF2C;MEOX2;MKX;MLLT10;MYC;NCOA1;NCOR1;NFATC1;NFATC4;NFE2L2;NFIC;NFKB1;NFKBIA;NIPBL;NPM1;NR3C1;NUCKS1;PCGF5;PIK3R1;PITX1;PLAG1;POU3F3;PRDM6;PRRX1;PTCH1;PTEN;RAD21;RUNX2;SALL1;SATB2;SFRP4;SKI;SMAD3;SMAD6;SMARCA5;SMO;SNAI2;SOX4;SOX5;SOX9;SSBP3;SUFU;SUZ12;TCF7L2;TEAD1;TET2;TFDP2;TP53;TRPS1;VGLL2;WNT5A;WWC2;ZBTB20;ZBTB38;ZIC1;ZMIZ1;ZNF354C
GO:0030097	Hemopoiesis	Haematopoiesis	Immune & inflammatory signalling	Immune & inflammatory	trunk	0.0346248990639875	JAG1;RUNX2;TET2;TGFB2;WNT5A
GO:0031666	Positive Regulation of Lipopolysaccharide-Mediated Signaling Pathway	LPS / innate-immune signalling	Immune & inflammatory signalling	Immune & inflammatory	trunk	0.0252083743033831	BMP6;PRKCA
GO:0045582	Positive Regulation of T Cell Differentiation	Lymphocyte differentiation	Immune & inflammatory signalling	Immune & inflammatory	limb+trunk	0.00916301598841142	BCL6;FOXO3;GLI2;LEF1;SOX4;ZMIZ1
GO:0002634	Regulation of Germinal Center Formation	Lymphocyte differentiation	Immune & inflammatory signalling	Immune & inflammatory	limb+trunk	0.00851143570316317	BCL6;MEF2C
GO:0030225	Macrophage Differentiation	Myeloid / leukocyte differentiation	Immune & inflammatory signalling	Immune & inflammatory	cortical	0.0275985463956609	CDC42;NPM1
GO:0002573	Myeloid Leukocyte Differentiation	Myeloid / leukocyte differentiation	Immune & inflammatory signalling	Immune & inflammatory	cortical	0.00457731377480695	CDC42;FOXP1;NPM1;PIK3CD
GO:0045655	Regulation of Monocyte Differentiation	Myeloid / leukocyte differentiation	Immune & inflammatory signalling	Immune & inflammatory	cortical	0.0161857009644543	CDK6;FOXP1
GO:0007249	Canonical NF-kappaB Signal Transduction	NF-κB signalling	Immune & inflammatory signalling	Immune & inflammatory	cortical	0.0388797001415158	NFKB1;NPM1
GO:0002831	Regulation of Response to Biotic Stimulus	Response to biotic/immune stimulus	Immune & inflammatory signalling	Immune & inflammatory	cortical	0.0381500856458448	FOXP1;LRP8
GO:0033209	Tumor Necrosis Factor-Mediated Signaling Pathway	TNF signalling	Immune & inflammatory signalling	Immune & inflammatory	cortical	0.0400010180118339	NFKB1;TP53
GO:0045444	Fat Cell Differentiation	Adipocyte differentiation	Insulin/IGF, glucose & energy metabolism	Metabolic & endocrine	trunk	0.043455138048801	FOXO1;HMGA2;SMAD6;TCF7L2
GO:0045913	Positive Regulation of Carbohydrate Metabolic Process	Carbohydrate metabolism	Insulin/IGF, glucose & energy metabolism	Metabolic & endocrine	limb	0.0277503318049095	INSR;IRS1;ZBTB20
GO:0042593	Glucose Homeostasis	Glucose homeostasis	Insulin/IGF, glucose & energy metabolism	Metabolic & endocrine	trunk	8.09148350356681e-05	FGFR4;FOXO1;GNAS;INSR;IRS1;NUCKS1;PIK3R1;SOX4;TCF7L2
GO:0001678	Intracellular Glucose Homeostasis	Glucose homeostasis	Insulin/IGF, glucose & energy metabolism	Metabolic & endocrine	trunk	0.000533716754861014	FOXO1;GNAS;IGF1R;NUCKS1;PIK3R1;SOX4
GO:0046326	Positive Regulation of D-glucose Import Across Plasma Membrane	Glucose import/transport	Insulin/IGF, glucose & energy metabolism	Metabolic & endocrine	trunk	0.00264581793797419	IGF1;INSR;IRS1;PIK3R1
GO:0010828	Positive Regulation of D-glucose Transmembrane Transport	Glucose import/transport	Insulin/IGF, glucose & energy metabolism	Metabolic & endocrine	trunk	0.0060919377462018	IGF1;INSR;IRS1;PIK3R1
GO:0046324	Regulation of D-glucose Import Across Plasma Membrane	Glucose import/transport	Insulin/IGF, glucose & energy metabolism	Metabolic & endocrine	trunk	0.00093395671126773	GRB10;IGF1;INSR;IRS1;PIK3R1
GO:0045725	Positive Regulation of Glycogen Biosynthetic Process	Glycogen metabolism	Insulin/IGF, glucose & energy metabolism	Metabolic & endocrine	limb+trunk	0.0054198827686391	IGF1;INSR;IRS1
GO:0070875	Positive Regulation of Glycogen Metabolic Process	Glycogen metabolism	Insulin/IGF, glucose & energy metabolism	Metabolic & endocrine	limb+trunk	0.00765727268322446	IGF1;INSR;IRS1
GO:0005979	Regulation of Glycogen Biosynthetic Process	Glycogen metabolism	Insulin/IGF, glucose & energy metabolism	Metabolic & endocrine	cortical+trunk	0.00298374415954639	DYRK2;GRB10;IGF1;INSR;IRS1
GO:0071378	Cellular Response to Growth Hormone Stimulus	Growth-hormone signalling	Insulin/IGF, glucose & energy metabolism	Metabolic & endocrine	trunk	0.000465474350363309	GHR;IGF1;PIK3R1;SOCS2
GO:0060396	Growth Hormone Receptor Signaling Pathway	Growth-hormone signalling	Insulin/IGF, glucose & energy metabolism	Metabolic & endocrine	trunk	0.00174625642158492	GHR;IGF1;PIK3R1;SOCS2
GO:0032024	Positive Regulation of Insulin Secretion	Insulin secretion	Insulin/IGF, glucose & energy metabolism	Metabolic & endocrine	trunk	0.0189147878433487	GNAS;PRKCA;SOX4;TCF7L2
GO:0050796	Regulation of Insulin Secretion	Insulin secretion	Insulin/IGF, glucose & energy metabolism	Metabolic & endocrine	trunk	0.00807786204086159	FOXO1;GNAS;IRS1;PRKCA;SOX4;TCF7L2
GO:0032869	Cellular Response to Insulin Stimulus	Insulin/IGF signalling	Insulin/IGF, glucose & energy metabolism	Metabolic & endocrine	cortical+trunk	0.00268825032927914	AKT3;APC;FOXO1;GRB10;IGF1;IGF1R;INSR;IRS1;PIK3R1
GO:0008286	Insulin Receptor Signaling Pathway	Insulin/IGF signalling	Insulin/IGF, glucose & energy metabolism	Metabolic & endocrine	cortical+limb+trunk	7.20430939125188e-05	AKT3;APC;FOXO1;GRB10;GRB2;IGF1;IGF1R;INSR;IRS1;PIK3R1
GO:0048009	Insulin-like Growth Factor Receptor Signaling Pathway	Insulin/IGF signalling	Insulin/IGF, glucose & energy metabolism	Metabolic & endocrine	limb+trunk	7.24858224214662e-06	GHR;IGF1;IGF1R;IRS1;PIK3R1
GO:1900077	Negative Regulation of Cellular Response to Insulin Stimulus	Insulin/IGF signalling	Insulin/IGF, glucose & energy metabolism	Metabolic & endocrine	cortical+trunk	0.0352312048509372	FBXW8;GRB10;IRS1;PTPN1
GO:0046627	Negative Regulation of Insulin Receptor Signaling Pathway	Insulin/IGF signalling	Insulin/IGF, glucose & energy metabolism	Metabolic & endocrine	cortical+trunk	0.0352312048509372	FBXW8;GRB10;IRS1;PTPN1
GO:0043569	Negative Regulation of Insulin-Like Growth Factor Receptor Signaling Pathway	Insulin/IGF signalling	Insulin/IGF, glucose & energy metabolism	Metabolic & endocrine	trunk	0.0161513017728003	BMP2;BMP5
GO:0046626	Regulation of Insulin Receptor Signaling Pathway	Insulin/IGF signalling	Insulin/IGF, glucose & energy metabolism	Metabolic & endocrine	trunk	0.0216621028134014	FBXW8;GRB10;IRS1;NUCKS1
GO:0043567	Regulation of Insulin-Like Growth Factor Receptor Signaling Pathway	Insulin/IGF signalling	Insulin/IGF, glucose & energy metabolism	Metabolic & endocrine	trunk	0.00108727442768804	BMP2;BMP5;IGF1;IGFBP3
GO:0032868	Response to Insulin	Insulin/IGF signalling	Insulin/IGF, glucose & energy metabolism	Metabolic & endocrine	trunk	0.0178033836743701	FOXO1;GRB10;INSR;IRS1;PIK3R1
GO:0006879	Intracellular Iron Ion Homeostasis	Iron homeostasis	Insulin/IGF, glucose & energy metabolism	Metabolic & endocrine	trunk	0.0392055909010989	BMP2;BMP6;CYBRD1;MYC
GO:0035360	Positive Regulation of Peroxisome Proliferator Activated Receptor Signaling Pathway	PPAR signalling	Insulin/IGF, glucose & energy metabolism	Metabolic & endocrine	limb	0.0109392646581587	BMP2;PTGIS
GO:0035358	Regulation of Peroxisome Proliferator Activated Receptor Signaling Pathway	PPAR signalling	Insulin/IGF, glucose & energy metabolism	Metabolic & endocrine	limb	0.0358741067869525	BMP2;PTGIS
GO:0090277	Positive Regulation of Peptide Hormone Secretion	Peptide-hormone secretion	Insulin/IGF, glucose & energy metabolism	Metabolic & endocrine	trunk	0.030208924490067	GNAS;PRKCA;SOX4;TCF7L2
GO:0071375	Cellular Response to Peptide Hormone Stimulus	Response to peptide hormone	Insulin/IGF, glucose & energy metabolism	Metabolic & endocrine	trunk	0.0376709976604101	FOXO1;GNAS;INSR;IRS1;PIK3R1
GO:0050714	Positive Regulation of Protein Secretion	Secretion	Insulin/IGF, glucose & energy metabolism	Metabolic & endocrine	trunk	0.000126295195987777	BMP6;CD2AP;GNAS;IGF1;PRKCA;SOX4;TCF7L2;TGFB2
GO:1903532	Positive Regulation of Secretion by Cell	Secretion	Insulin/IGF, glucose & energy metabolism	Metabolic & endocrine	trunk	0.0139098562632035	BMP2;BMP6;CD2AP;IGF1;TGFB2
GO:0120163	Negative Regulation of Cold-Induced Thermogenesis	Thermogenesis	Insulin/IGF, glucose & energy metabolism	Metabolic & endocrine	limb	0.0410988638202585	ADAMTS5;NPR3;TLE3
GO:0120161	Regulation of Cold-Induced Thermogenesis	Thermogenesis	Insulin/IGF, glucose & energy metabolism	Metabolic & endocrine	limb	0.0419969944962777	ADAMTS5;IGF1R;MFAP2;NPR3;TLE3
GO:0060766	Negative Regulation of Androgen Receptor Signaling Pathway	Androgen-receptor signalling	Lipid, steroid & hormone signalling	Metabolic & endocrine	cortical	0.0161857009644543	FOXP1;NCOR1
GO:0060765	Regulation of Androgen Receptor Signaling Pathway	Androgen-receptor signalling	Lipid, steroid & hormone signalling	Metabolic & endocrine	cortical	0.031883274834413	FOXP1;NCOR1
GO:0006576	Biogenic Amine Metabolic Process	Biogenic Amine Metabolic Process	Lipid, steroid & hormone signalling	Metabolic & endocrine	trunk	0.0464398036796067	ODC1;SLC22A3
GO:0051055	Negative Regulation of Lipid Biosynthetic Process	Lipid biosynthesis	Lipid, steroid & hormone signalling	Metabolic & endocrine	trunk	0.030208924490067	BMP2;BMP5;WNT4
GO:0071397	Cellular Response to Cholesterol	Response to cholesterol/sterol	Lipid, steroid & hormone signalling	Metabolic & endocrine	limb	0.0237974666212436	PTCH1;SMO
GO:0036315	Cellular Response to Sterol	Response to cholesterol/sterol	Lipid, steroid & hormone signalling	Metabolic & endocrine	limb	0.0403477923176573	PTCH1;SMO
GO:0032870	Cellular Response to Hormone Stimulus	Response to hormone	Lipid, steroid & hormone signalling	Metabolic & endocrine	limb+trunk	0.0010608128576597	ESR1;GHR;MEF2C;NCOA1;NR3C1;SLIT3;SOCS2;UBE2L3
GO:0097305	Response to Alcohol	Response to hormone/metabolite	Lipid, steroid & hormone signalling	Metabolic & endocrine	trunk	0.030208924490067	GHR;GNAS;SLIT3
GO:1903412	Response to Bile Acid	Response to hormone/metabolite	Lipid, steroid & hormone signalling	Metabolic & endocrine	trunk	0.0206234616157452	ABCB4;FGFR4
GO:0032355	Response to Estradiol	Response to hormone/metabolite	Lipid, steroid & hormone signalling	Metabolic & endocrine	trunk	0.00545548472494008	CTNNB1;ESR1;GHR;SOCS2
GO:0070542	Response to Fatty Acid	Response to hormone/metabolite	Lipid, steroid & hormone signalling	Metabolic & endocrine	trunk	0.0129694563127257	FOXO1;FOXO3;IRS1
GO:1901654	Response to Ketone	Response to hormone/metabolite	Lipid, steroid & hormone signalling	Metabolic & endocrine	trunk	0.000200910590928761	ABCB4;GHR;GNAS;SLIT3;TGFB2
GO:0033144	Negative Regulation of Intracellular Steroid Hormone Receptor Signaling Pathway	Steroid-hormone (nuclear receptor) signalling	Lipid, steroid & hormone signalling	Metabolic & endocrine	cortical	0.0352312048509372	FOXP1;NCOR1
GO:0030518	Nuclear Receptor-Mediated Steroid Hormone Signaling Pathway	Steroid-hormone (nuclear receptor) signalling	Lipid, steroid & hormone signalling	Metabolic & endocrine	limb	0.0447027804782039	ESR1;NR3C1;ZMIZ1
GO:0043401	Steroid Hormone Receptor Signaling Pathway	Steroid-hormone (nuclear receptor) signalling	Lipid, steroid & hormone signalling	Metabolic & endocrine	limb	0.0265752420961518	ESR1;NR3C1
GO:0090031	Positive Regulation of Steroid Hormone Biosynthetic Process	Steroid-hormone biosynthesis	Lipid, steroid & hormone signalling	Metabolic & endocrine	trunk	0.0122281454930634	BMP6;WNT4
GO:0032347	Regulation of Aldosterone Biosynthetic Process	Steroid-hormone biosynthesis	Lipid, steroid & hormone signalling	Metabolic & endocrine	limb+trunk	2.62812204931601e-05	BMP2;BMP5;BMP6;WNT4
GO:2000064	Regulation of Cortisol Biosynthetic Process	Steroid-hormone biosynthesis	Lipid, steroid & hormone signalling	Metabolic & endocrine	trunk	0.000907380004899923	BMP2;BMP5;WNT4
GO:1902931	Negative Regulation of Alcohol Biosynthetic Process	Steroid/sterol biosynthesis	Lipid, steroid & hormone signalling	Metabolic & endocrine	trunk	0.0405367967367065	BMP2;BMP5
GO:0010894	Negative Regulation of Steroid Biosynthetic Process	Steroid/sterol biosynthesis	Lipid, steroid & hormone signalling	Metabolic & endocrine	limb+trunk	0.00379726525578412	BMP2;BMP5;SNAI2;WNT4
GO:0045939	Negative Regulation of Steroid Metabolic Process	Steroid/sterol biosynthesis	Lipid, steroid & hormone signalling	Metabolic & endocrine	trunk	0.000907380004899923	BMP2;BMP5;WNT4
GO:0050810	Regulation of Steroid Biosynthetic Process	Steroid/sterol biosynthesis	Lipid, steroid & hormone signalling	Metabolic & endocrine	trunk	0.00093395671126773	BMP2;BMP5;FGFR4;WNT4
GO:0048711	Positive Regulation of Astrocyte Differentiation	Astrocyte (glial) differentiation	Neural development & synaptic function	Neural development	limb	0.0171928483106375	BMP2;SERPINE2
GO:0048710	Regulation of Astrocyte Differentiation	Astrocyte (glial) differentiation	Neural development & synaptic function	Neural development	limb	0.0329900540104893	BMP2;SERPINE2
GO:0061643	Chemorepulsion of Axon	Axon guidance	Neural development & synaptic function	Neural development	trunk	0.0122281454930634	RYK;WNT5A
GO:0036514	Dopaminergic Neuron Axon Guidance	Axon guidance	Neural development & synaptic function	Neural development	trunk	0.0161513017728003	RYK;WNT5A
GO:0050771	Negative Regulation of Axonogenesis	Axonogenesis	Neural development & synaptic function	Neural development	cortical	0.0275985463956609	BCL11A;PTEN
GO:0048813	Dendrite Morphogenesis	Dendrite / spine development	Neural development & synaptic function	Neural development	cortical	0.0352312048509372	CDC42;PTEN
GO:0097062	Dendritic Spine Maintenance	Dendrite / spine development	Neural development & synaptic function	Neural development	limb+trunk	0.0171928483106375	IGF1R;INSR
GO:0060997	Dendritic Spine Morphogenesis	Dendrite / spine development	Neural development & synaptic function	Neural development	cortical	0.0161857009644543	CDC42;PTEN
GO:0097061	Dendritic Spine Organization	Dendrite / spine development	Neural development & synaptic function	Neural development	cortical+trunk	0.0246554943502919	CDC42;IGF1R;INSR;PTEN
GO:0050773	Regulation of Dendrite Development	Dendrite / spine development	Neural development & synaptic function	Neural development	cortical	0.0481844179781309	BCL11A;LRP8
GO:0071542	Dopaminergic Neuron Differentiation	Dopaminergic neuron development	Neural development & synaptic function	Neural development	trunk	0.0225506063344701	CTNNB1;RYK;WNT5A
GO:1904948	Midbrain Dopaminergic Neuron Differentiation	Dopaminergic neuron development	Neural development & synaptic function	Neural development	trunk	0.00469213921549988	CTNNB1;RYK;WNT5A
GO:0045475	Locomotor Rhythm	Locomotor rhythm (behaviour)	Neural development & synaptic function	Neural development	cortical	0.00936000247867174	NCOR1;PTEN
GO:0007399	Nervous System Development	Nervous-system development	Neural development & synaptic function	Neural development	limb+trunk	0.0031043690792817	ACAN;BOC;CABLES1;CDON;CRIM1;DLX5;DNM3;FBXL17;FGF18;FN1;IGF2BP2;IGF2BP3;JAG1;LPAR1;MEF2C;NBL1;POU3F3;PTEN;RYK;SMO;SOX4;ZIC1
GO:0001843	Neural Tube Closure	Neural-tube closure	Neural development & synaptic function	Neural development	trunk	0.0329409250179444	DLC1;SKI;TGFB2
GO:0014020	Primary Neural Tube Formation	Neural-tube closure	Neural development & synaptic function	Neural development	trunk	0.0285654818041261	DLC1;SKI;TGFB2
GO:0060606	Tube Closure	Neural-tube closure	Neural development & synaptic function	Neural development	trunk	0.030208924490067	DLC1;SKI;TGFB2
GO:1902913	Positive Regulation of Neuroepithelial Cell Differentiation	Neuroepithelial differentiation	Neural development & synaptic function	Neural development	limb+trunk	0.0109392646581587	BMP2;LEF1
GO:0048699	Generation of Neurons	Neurogenesis	Neural development & synaptic function	Neural development	trunk	0.0054198827686391	CDK6;ID4;MEF2C;RUNX2;RYK;SOX4;TGFB2;WNT4;WNT5A
GO:0022008	Neurogenesis	Neurogenesis	Neural development & synaptic function	Neural development	trunk	0.0116789241065026	CDK6;FGF18;LPAR1;RYK;TGFB2
GO:0021879	Forebrain Neuron Differentiation	Neuron differentiation	Neural development & synaptic function	Neural development	limb	0.0358741067869525	BMP2;SALL1
GO:0030182	Neuron Differentiation	Neuron differentiation	Neural development & synaptic function	Neural development	trunk	0.00131648622153299	CTNNB1;GLI2;ID4;MEF2C;RUNX2;RYK;SOX4;TGFB2;WNT4;WNT5A
GO:0038026	Reelin-mediated Signaling Pathway	Reelin signalling (neuronal migration)	Neural development & synaptic function	Neural development	cortical	0.00936000247867174	LRP8;PAFAH1B1
GO:0060292	Long-term Synaptic Depression	Synaptic transmission / plasticity	Neural development & synaptic function	Neural development	cortical+trunk	0.00959810066336706	CTNNB1;PTEN
GO:0050805	Negative Regulation of Synaptic Transmission	Synaptic transmission / plasticity	Neural development & synaptic function	Neural development	cortical	0.0275985463956609	CTNNB1;PTEN
GO:0009953	Dorsal/ventral Pattern Formation	Embryonic pattern formation	Limb, muscle & body-plan patterning	Skeletal & musculoskeletal development	trunk	0.00469213921549988	BMPR1B;GLI2;NBL1;PTCH1
GO:0035113	Embryonic Appendage Morphogenesis	Limb / appendage development	Limb, muscle & body-plan patterning	Skeletal & musculoskeletal development	limb+trunk	0.00298374415954639	PTCH1;SKI;TGFB2
GO:0030326	Embryonic Limb Morphogenesis	Limb / appendage development	Limb, muscle & body-plan patterning	Skeletal & musculoskeletal development	limb+trunk	9.71896536290388e-05	CTNNB1;ECE1;NIPBL;PTCH1;SALL1;SKI;TGFB2
GO:0060173	Limb Development	Limb / appendage development	Limb, muscle & body-plan patterning	Skeletal & musculoskeletal development	limb+trunk	0.0203898311038544	PCSK5;PTCH1;SALL1;SMOC1
GO:0035108	Limb Morphogenesis	Limb / appendage development	Limb, muscle & body-plan patterning	Skeletal & musculoskeletal development	limb+trunk	8.09148350356681e-05	NIPBL;PCSK5;PTCH1;SKI;TGFB2
GO:0001707	Mesoderm Formation	Mesoderm Formation	Limb, muscle & body-plan patterning	Skeletal & musculoskeletal development	cortical	0.0237303702853877	EOMES;HMGA2
GO:0014819	Regulation of Skeletal Muscle Contraction	Muscle contraction	Limb, muscle & body-plan patterning	Skeletal & musculoskeletal development	trunk	0.030208924490067	GNAS;KCNJ2
GO:0060537	Muscle Tissue Development	Muscle development	Limb, muscle & body-plan patterning	Skeletal & musculoskeletal development	limb	0.0358741067869525	PTCH1;SMO
GO:0045445	Myoblast Differentiation	Muscle development	Limb, muscle & body-plan patterning	Skeletal & musculoskeletal development	trunk	0.0161513017728003	IGF1;JAG1;TCF7L2
GO:0014902	Myotube Differentiation	Muscle development	Limb, muscle & body-plan patterning	Skeletal & musculoskeletal development	limb+trunk	0.011113581110773	ADAMTS5;DOCK5;IGF1;MEF2C;SKI
GO:0045663	Positive Regulation of Myoblast Differentiation	Muscle development	Limb, muscle & body-plan patterning	Skeletal & musculoskeletal development	trunk	0.0116502825361201	BOC;IGFBP3;MEF2C;SOX4
GO:0045661	Regulation of Myoblast Differentiation	Muscle development	Limb, muscle & body-plan patterning	Skeletal & musculoskeletal development	trunk	0.0289560352478221	BOC;IGFBP3;MEF2C;SOX4
GO:0048745	Smooth Muscle Tissue Development	Muscle development	Limb, muscle & body-plan patterning	Skeletal & musculoskeletal development	limb	0.0265752420961518	PTCH1;SMO
GO:0051146	Striated Muscle Cell Differentiation	Muscle development	Limb, muscle & body-plan patterning	Skeletal & musculoskeletal development	trunk	0.0116502825361201	BMP2;MEF2C;SKI
GO:0061053	Somite Development	Somitogenesis / segmentation	Limb, muscle & body-plan patterning	Skeletal & musculoskeletal development	limb+trunk	0.0237974666212436	MEOX2;PTCH1;SMO
GO:0070169	Positive Regulation of Biomineral Tissue Development	Bone mineralization	Skeletal, cartilage & ECM	Skeletal & musculoskeletal development	limb+trunk	0.000228871523122173	BMP2;BMP6;BMPR1B;FBN2;MEF2C;PKDCC;WNT4
GO:0030501	Positive Regulation of Bone Mineralization	Bone mineralization	Skeletal, cartilage & ECM	Skeletal & musculoskeletal development	limb+trunk	0.000129027133105222	BMP2;BMP6;BMPR1B;FBN2;MEF2C;PKDCC;WNT4
GO:0030500	Regulation of Bone Mineralization	Bone mineralization	Skeletal, cartilage & ECM	Skeletal & musculoskeletal development	limb+trunk	0.000995105905087411	BMP2;BMP6;BMPR1B;FBN2;MEF2C;PKDCC;WNT4
GO:0051216	Cartilage Development	Cartilage development / chondrogenesis	Skeletal, cartilage & ECM	Skeletal & musculoskeletal development	limb+trunk	0.00107015543665689	BMP2;HMGA2;ITGB8;MEF2C;RUNX2;SOX5;SOX9;TRIP11
GO:0002062	Chondrocyte Differentiation	Cartilage development / chondrogenesis	Skeletal, cartilage & ECM	Skeletal & musculoskeletal development	limb+trunk	9.71896536290388e-05	BMP2;BMPR1B;HMGA2;MEF2C;RUNX2;SOX5;SOX9
GO:0061037	Negative Regulation of Cartilage Development	Cartilage development / chondrogenesis	Skeletal, cartilage & ECM	Skeletal & musculoskeletal development	limb	0.00419105779513771	EFEMP1;SNAI2;SOX9
GO:0032331	Negative Regulation of Chondrocyte Differentiation	Cartilage development / chondrogenesis	Skeletal, cartilage & ECM	Skeletal & musculoskeletal development	limb	0.00460156256150469	EFEMP1;SNAI2;SOX9
GO:0061036	Positive Regulation of Cartilage Development	Cartilage development / chondrogenesis	Skeletal, cartilage & ECM	Skeletal & musculoskeletal development	trunk	5.25141353088748e-05	BMP2;BMPR1B;LOXL2;PKDCC;SOX5
GO:0032332	Positive Regulation of Chondrocyte Differentiation	Cartilage development / chondrogenesis	Skeletal, cartilage & ECM	Skeletal & musculoskeletal development	trunk	0.000145471588482841	BMPR1B;LOXL2;PKDCC;SOX5
GO:0061035	Regulation of Cartilage Development	Cartilage development / chondrogenesis	Skeletal, cartilage & ECM	Skeletal & musculoskeletal development	trunk	0.000818711140713674	BMP2;BMPR1B;SOX5;TRPS1
GO:0032330	Regulation of Chondrocyte Differentiation	Cartilage development / chondrogenesis	Skeletal, cartilage & ECM	Skeletal & musculoskeletal development	limb+trunk	2.13172344864865e-05	BMPR1B;EFEMP1;LOXL2;PKDCC;SNAI2;SOX5;SOX9;TRPS1
GO:0061448	Connective Tissue Development	Connective-tissue development	Skeletal, cartilage & ECM	Skeletal & musculoskeletal development	limb	0.0358741067869525	ABHD15;ITGB8;SOX9
GO:0060350	Endochondral Bone Morphogenesis	Endochondral ossification	Skeletal, cartilage & ECM	Skeletal & musculoskeletal development	limb	0.0329900540104893	DLX5;MEF2C
GO:0001958	Endochondral Ossification	Endochondral ossification	Skeletal, cartilage & ECM	Skeletal & musculoskeletal development	limb	0.0203898311038544	DLX5;MEF2C
GO:0030199	Collagen Fibril Organization	Extracellular matrix organization	Skeletal, cartilage & ECM	Skeletal & musculoskeletal development	limb+trunk	7.24858224214662e-06	ADAMTS19;ADAMTS3;COL11A1;COLGALT2;FBN1;LOXL1;LOXL2;LOXL4;PXDN;SERPINH1;TGFB2
GO:0045229	External Encapsulating Structure Organization	Extracellular matrix organization	Skeletal, cartilage & ECM	Skeletal & musculoskeletal development	limb+trunk	0.000662329155448463	ADAMTS10;ADAMTS17;ADAMTS19;ADAMTS3;ADAMTS5;COL27A1;DMP1;MATN3;PXDN;SMOC1;SMOC2
GO:0030198	Extracellular Matrix Organization	Extracellular matrix organization	Skeletal, cartilage & ECM	Skeletal & musculoskeletal development	limb+trunk	1.08134422237974e-05	ADAMTS10;ADAMTS17;ADAMTS19;ADAMTS3;ADAMTS5;COL11A1;COL27A1;COLGALT2;DMP1;FBN1;LOXL1;LOXL2;LOXL4;MATN3;PXDN;SERPINH1;SMOC1;SMOC2;TGFB2
GO:0043062	Extracellular Structure Organization	Extracellular matrix organization	Skeletal, cartilage & ECM	Skeletal & musculoskeletal development	limb+trunk	0.000662329155448463	ADAMTS10;ADAMTS17;ADAMTS19;ADAMTS3;ADAMTS5;COL27A1;DMP1;MATN3;PXDN;SMOC1;SMOC2
GO:0060348	Bone Development	Ossification / bone formation	Skeletal, cartilage & ECM	Skeletal & musculoskeletal development	trunk	0.00219589900067744	BMP6;DYM;GNAS;SFRP4;SKI
GO:0060349	Bone Morphogenesis	Ossification / bone formation	Skeletal, cartilage & ECM	Skeletal & musculoskeletal development	trunk	0.00646797557019405	BMPR1B;SFRP4;SKI
GO:0030279	Negative Regulation of Ossification	Ossification / bone formation	Skeletal, cartilage & ECM	Skeletal & musculoskeletal development	limb	0.0203898311038544	MEF2C;SMAD3;SOX9
GO:0045778	Positive Regulation of Ossification	Ossification / bone formation	Skeletal, cartilage & ECM	Skeletal & musculoskeletal development	limb+trunk	2.13172344864865e-05	BMP2;BMP6;BMPR1B;FBN2;MEF2C;PKDCC;WNT4;WNT5A
GO:0030278	Regulation of Ossification	Ossification / bone formation	Skeletal, cartilage & ECM	Skeletal & musculoskeletal development	limb+trunk	0.0075280441551088	BMP2;MEF2C;SMAD3;SMAD6;SOX9;WNT5A
GO:0045668	Negative Regulation of Osteoblast Differentiation	Osteoblast differentiation	Skeletal, cartilage & ECM	Skeletal & musculoskeletal development	cortical+limb+trunk	9.71896536290388e-05	BAMBI;CDK6;CRIM1;PTCH1;PTEN;SKI;SMAD6;SOX9;SUFU
GO:0045669	Positive Regulation of Osteoblast Differentiation	Osteoblast differentiation	Skeletal, cartilage & ECM	Skeletal & musculoskeletal development	trunk	0.000566928080531636	BMP6;BMPR1B;IGF1;MEF2C;RUNX2;WNT4
GO:0045667	Regulation of Osteoblast Differentiation	Osteoblast differentiation	Skeletal, cartilage & ECM	Skeletal & musculoskeletal development	limb+trunk	8.6888176801841e-09	BAMBI;BMP6;BMPR1B;CDK6;CRIM1;FBN2;IGF1;MEF2C;PTCH1;PTEN;RUNX2;SKI;SMAD6;SMOC1;SNAI2;SOX9;SUFU;WNT4
GO:0030166	Proteoglycan Biosynthetic Process	Proteoglycan metabolism	Skeletal, cartilage & ECM	Skeletal & musculoskeletal development	trunk	0.0488390770593589	BMPR1B;CHST11;IGF1;ST3GAL6
GO:0006029	Proteoglycan Metabolic Process	Proteoglycan metabolism	Skeletal, cartilage & ECM	Skeletal & musculoskeletal development	trunk	0.0329409250179444	BMPR1B;CHST11;IGF1
GO:0001501	Skeletal System Development	Skeletal system development	Skeletal, cartilage & ECM	Skeletal & musculoskeletal development	limb+trunk	3.67080942844504e-12	ACAN;BMP2;BMP5;BMP6;COL11A1;COL27A1;DLX5;DYM;FBN1;GLI2;GNAS;HHIP;IGF1;ITGB8;MATN3;NPR3;PCSK5;PITX1;PKDCC;SOX5;SOX9;TGFB2;TRIP11;TRPS1;WNT5A
GO:0048705	Skeletal System Morphogenesis	Skeletal system development	Skeletal, cartilage & ECM	Skeletal & musculoskeletal development	trunk	0.0197188656218692	COL11A1;HHIP;SFRP4;SKI
GO:0042476	Odontogenesis	Tooth development	Skeletal, cartilage & ECM	Skeletal & musculoskeletal development	limb	0.0305071346248029	BMP2;GLI2;TGFB2
GO:0042475	Odontogenesis of Dentin-Containing Tooth	Tooth development	Skeletal, cartilage & ECM	Skeletal & musculoskeletal development	limb	0.044520836610543	BMP2;GLI2
GO:1901331	Positive Regulation of Odontoblast Differentiation	Tooth development	Skeletal, cartilage & ECM	Skeletal & musculoskeletal development	limb+trunk	0.0109392646581587	BMP2;LEF1
GO:1901329	Regulation of Odontoblast Differentiation	Tooth development	Skeletal, cartilage & ECM	Skeletal & musculoskeletal development	limb+trunk	0.0237974666212436	BMP2;LEF1
